PedidoID,Data,Categoria,Produto,Quantidade,PrecoUnitario,Receita
2052,2025-01-01,Beleza,Batom,2,443.81,887.62
1093,2025-01-01,Casa e Decoração,Vaso,2,226.35,452.7
1601,2025-01-01,Moda,Tênis,1,83.7,83.7
1695,2025-01-01,Beleza,Batom,5,35.54,177.7
2347,2025-01-01,Eletrônicos,Caixa de Som,3,274.84,824.52
1178,2025-01-01,Beleza,Batom,4,46.02,184.08
1636,2025-01-02,Eletrônicos,Fone de Ouvido,2,42.07,84.14
1455,2025-01-02,Moda,Camiseta,1,223.37,223.37
1712,2025-01-02,Esporte,Tênis de Corrida,3,415.47,1246.41
1591,2025-01-02,Eletrônicos,Caixa de Som,3,428.05,1284.15
1856,2025-01-03,Casa e Decoração,Tapete,2,39.17,78.34
1559,2025-01-03,Moda,Calça Jeans,3,381.12,1143.36
1938,2025-01-04,Beleza,Perfume,5,23.45,117.25
1113,2025-01-04,Casa e Decoração,Vaso,4,429.66,1718.64
2269,2025-01-05,Eletrônicos,Fone de Ouvido,4,66.9,267.6
2107,2025-01-05,Eletrônicos,Caixa de Som,3,338.23,1014.69
2041,2025-01-05,Eletrônicos,Caixa de Som,5,94.4,472.0
1643,2025-01-05,Casa e Decoração,Luminária,3,290.63,871.89
1442,2025-01-06,Casa e Decoração,Vaso,2,49.82,99.64
2033,2025-01-07,Eletrônicos,Smartwatch,4,390.19,1560.76
1132,2025-01-07,Esporte,Luvas,1,228.09,228.09
1617,2025-01-07,Casa e Decoração,Vaso,2,205.68,411.36
1798,2025-01-07,Eletrônicos,Fone de Ouvido,5,341.13,1705.65
2234,2025-01-09,Moda,Tênis,4,487.99,1951.96
1465,2025-01-09,Moda,Calça Jeans,1,68.43,68.43
1308,2025-01-10,Casa e Decoração,Vaso,2,476.56,953.12
1124,2025-01-11,Beleza,Creme Facial,2,80.59,161.18
2046,2025-01-11,Esporte,Garrafa Térmica,2,140.33,280.66
2004,2025-01-12,Moda,Calça Jeans,3,471.41,1414.23
2027,2025-01-12,Moda,Camiseta,3,149.21,447.63
2294,2025-01-13,Beleza,Creme Facial,4,206.61,826.44
2172,2025-01-13,Esporte,Tênis de Corrida,2,403.79,807.58
2345,2025-01-13,Esporte,Luvas,2,439.62,879.24
1004,2025-01-14,Beleza,Creme Facial,5,221.37,1106.85
1760,2025-01-14,Esporte,Garrafa Térmica,3,455.32,1365.96
1242,2025-01-14,Moda,Camiseta,3,399.19,1197.57
1678,2025-01-14,Casa e Decoração,Luminária,1,449.97,449.97
2415,2025-01-15,Eletrônicos,Smartwatch,2,431.27,862.54
2485,2025-01-15,Casa e Decoração,Vaso,5,104.47,522.35
2457,2025-01-15,Beleza,Perfume,2,421.73,843.46
1966,2025-01-15,Esporte,Tênis de Corrida,3,52.43,157.29
1203,2025-01-15,Eletrônicos,Carregador,1,160.82,160.82
1574,2025-01-16,Moda,Jaqueta,1,151.93,151.93
1003,2025-01-16,Eletrônicos,Smartwatch,2,262.57,525.14
1248,2025-01-16,Eletrônicos,Caixa de Som,4,224.61,898.44
2183,2025-01-16,Casa e Decoração,Tapete,5,424.35,2121.75
2132,2025-01-17,Esporte,Tênis de Corrida,3,476.1,1428.3
1979,2025-01-17,Beleza,Shampoo,4,432.99,1731.96
1357,2025-01-17,Beleza,Creme Facial,4,475.44,1901.76
2332,2025-01-17,Beleza,Perfume,3,85.52,256.56
1579,2025-01-17,Esporte,Garrafa Térmica,3,433.86,1301.58
2450,2025-01-17,Esporte,Tênis de Corrida,4,236.06,944.24
1466,2025-01-18,Esporte,Tênis de Corrida,2,375.46,750.92
1673,2025-01-18,Beleza,Creme Facial,3,259.47,778.41
1704,2025-01-18,Casa e Decoração,Almofada,3,145.34,436.02
1901,2025-01-19,Beleza,Shampoo,5,449.11,2245.55
1638,2025-01-19,Beleza,Batom,2,174.46,348.92
1955,2025-01-19,Casa e Decoração,Luminária,1,488.31,488.31
1823,2025-01-19,Beleza,Perfume,1,400.06,400.06
1431,2025-01-19,Esporte,Luvas,2,469.57,939.14
1402,2025-01-20,Moda,Jaqueta,4,269.28,1077.12
1229,2025-01-20,Casa e Decoração,Tapete,1,66.65,66.65
1430,2025-01-20,Moda,Tênis,2,468.28,936.56
1294,2025-01-20,Eletrônicos,Carregador,3,56.83,170.49
2188,2025-01-20,Moda,Camiseta,4,262.88,1051.52
2083,2025-01-20,Beleza,Batom,1,394.46,394.46
2310,2025-01-21,Moda,Camiseta,5,200.54,1002.7
2047,2025-01-21,Esporte,Luvas,5,161.46,807.3
2340,2025-01-21,Esporte,Tênis de Corrida,4,274.94,1099.76
2064,2025-01-21,Eletrônicos,Carregador,1,473.41,473.41
2139,2025-01-21,Beleza,Batom,5,387.28,1936.4
1921,2025-01-21,Beleza,Creme Facial,1,99.84,99.84
1910,2025-01-21,Casa e Decoração,Almofada,5,324.11,1620.55
1075,2025-01-21,Casa e Decoração,Luminária,2,340.13,680.26
2432,2025-01-21,Eletrônicos,Carregador,4,75.55,302.2
1907,2025-01-21,Moda,Tênis,2,50.17,100.34
1296,2025-01-22,Esporte,Bola,3,310.4,931.2
2486,2025-01-22,Esporte,Tênis de Corrida,1,432.6,432.6
2297,2025-01-22,Esporte,Tênis de Corrida,2,407.41,814.82
2264,2025-01-22,Eletrônicos,Carregador,4,313.03,1252.12
1280,2025-01-22,Esporte,Tênis de Corrida,4,462.16,1848.64
2193,2025-01-23,Beleza,Perfume,3,244.1,732.3
1933,2025-01-23,Beleza,Batom,2,470.44,940.88
2150,2025-01-23,Moda,Jaqueta,5,438.23,2191.15
1087,2025-01-23,Esporte,Tênis de Corrida,5,464.28,2321.4
2321,2025-01-23,Eletrônicos,Carregador,3,120.6,361.8
1070,2025-01-23,Eletrônicos,Carregador,2,325.81,651.62
1336,2025-01-23,Esporte,Garrafa Térmica,3,378.71,1136.13
1803,2025-01-24,Eletrônicos,Smartwatch,2,177.76,355.52
1275,2025-01-24,Moda,Tênis,5,46.3,231.5
2194,2025-01-24,Eletrônicos,Carregador,1,297.23,297.23
1098,2025-01-24,Moda,Tênis,5,427.87,2139.35
1595,2025-01-25,Eletrônicos,Fone de Ouvido,4,27.82,111.28
1472,2025-01-25,Casa e Decoração,Tapete,5,172.99,864.95
1834,2025-01-25,Beleza,Batom,5,251.81,1259.05
1711,2025-01-26,Esporte,Luvas,2,46.16,92.32
2140,2025-01-26,Moda,Jaqueta,4,211.06,844.24
2161,2025-01-26,Eletrônicos,Caixa de Som,2,97.44,194.88
1389,2025-01-26,Casa e Decoração,Tapete,5,220.7,1103.5
1801,2025-01-26,Eletrônicos,Smartwatch,1,429.08,429.08
1301,2025-01-27,Casa e Decoração,Almofada,3,65.36,196.08
2152,2025-01-27,Esporte,Garrafa Térmica,3,370.48,1111.44
2323,2025-01-27,Beleza,Creme Facial,2,397.04,794.08
1244,2025-01-27,Moda,Tênis,5,74.55,372.75
1044,2025-01-28,Eletrônicos,Fone de Ouvido,4,369.54,1478.16
2403,2025-01-28,Casa e Decoração,Vaso,4,325.4,1301.6
1845,2025-01-28,Eletrônicos,Smartwatch,3,380.09,1140.27
1152,2025-01-28,Beleza,Shampoo,2,326.18,652.36
2445,2025-01-28,Eletrônicos,Caixa de Som,1,486.59,486.59
2381,2025-01-29,Beleza,Creme Facial,5,272.69,1363.45
1017,2025-01-29,Moda,Camiseta,3,212.56,637.68
1634,2025-01-29,Esporte,Bola,3,95.51,286.53
1468,2025-01-29,Moda,Jaqueta,2,411.58,823.16
2159,2025-01-29,Casa e Decoração,Almofada,2,429.84,859.68
1374,2025-01-29,Eletrônicos,Smartwatch,3,99.04,297.12
2272,2025-01-30,Beleza,Creme Facial,5,326.28,1631.4
1053,2025-01-30,Beleza,Perfume,3,47.44,142.32
1353,2025-01-30,Eletrônicos,Caixa de Som,3,266.28,798.84
1160,2025-01-31,Beleza,Perfume,2,320.25,640.5
1384,2025-01-31,Moda,Tênis,4,252.44,1009.76
2478,2025-01-31,Beleza,Creme Facial,3,241.99,725.97
1808,2025-01-31,Moda,Camiseta,4,457.39,1829.56
2278,2025-01-31,Casa e Decoração,Vaso,2,231.48,462.96
2227,2025-02-01,Casa e Decoração,Almofada,1,357.61,357.61
1471,2025-02-01,Beleza,Creme Facial,4,286.81,1147.24
1245,2025-02-02,Esporte,Luvas,3,266.35,799.05
1560,2025-02-02,Beleza,Perfume,5,109.74,548.7
2480,2025-02-02,Moda,Tênis,3,415.38,1246.14
1668,2025-02-03,Moda,Tênis,2,64.15,128.3
1018,2025-02-03,Moda,Jaqueta,2,334.61,669.22
2210,2025-02-03,Esporte,Tênis de Corrida,3,249.75,749.25
2472,2025-02-04,Beleza,Batom,4,120.67,482.68
1728,2025-02-04,Eletrônicos,Caixa de Som,5,210.73,1053.65
2057,2025-02-04,Eletrônicos,Smartwatch,2,439.28,878.56
2286,2025-02-05,Beleza,Creme Facial,1,204.52,204.52
1123,2025-02-05,Eletrônicos,Fone de Ouvido,2,115.69,231.38
1011,2025-02-05,Eletrônicos,Smartwatch,3,492.91,1478.73
2061,2025-02-06,Eletrônicos,Smartwatch,4,465.63,1862.52
2282,2025-02-06,Beleza,Shampoo,4,29.01,116.04
1371,2025-02-07,Moda,Jaqueta,1,235.99,235.99
1690,2025-02-07,Casa e Decoração,Tapete,5,68.5,342.5
1061,2025-02-07,Eletrônicos,Caixa de Som,5,499.26,2496.3
1099,2025-02-07,Esporte,Luvas,5,113.33,566.65
1156,2025-02-07,Beleza,Perfume,2,91.61,183.22
1878,2025-02-07,Casa e Decoração,Almofada,3,397.71,1193.13
2277,2025-02-07,Casa e Decoração,Almofada,4,206.52,826.08
1162,2025-02-08,Moda,Camiseta,4,236.24,944.96
1509,2025-02-08,Casa e Decoração,Almofada,2,465.81,931.62
1818,2025-02-08,Esporte,Garrafa Térmica,2,178.83,357.66
1047,2025-02-08,Esporte,Tênis de Corrida,1,333.03,333.03
1222,2025-02-08,Moda,Calça Jeans,4,484.29,1937.16
1656,2025-02-08,Moda,Calça Jeans,5,72.31,361.55
1449,2025-02-09,Beleza,Perfume,1,417.81,417.81
2081,2025-02-09,Casa e Decoração,Tapete,2,254.37,508.74
2473,2025-02-09,Casa e Decoração,Vaso,4,338.46,1353.84
2405,2025-02-09,Beleza,Creme Facial,2,387.05,774.1
1108,2025-02-09,Casa e Decoração,Luminária,3,181.21,543.63
2218,2025-02-09,Beleza,Batom,1,304.24,304.24
2412,2025-02-09,Eletrônicos,Smartwatch,1,250.17,250.17
2157,2025-02-10,Beleza,Perfume,2,443.44,886.88
1327,2025-02-10,Eletrônicos,Carregador,2,420.78,841.56
1376,2025-02-10,Casa e Decoração,Luminária,5,151.74,758.7
2417,2025-02-10,Esporte,Tênis de Corrida,1,29.03,29.03
2062,2025-02-10,Esporte,Tênis de Corrida,3,287.85,863.55
1285,2025-02-10,Esporte,Garrafa Térmica,3,126.35,379.05
1422,2025-02-10,Casa e Decoração,Tapete,3,378.72,1136.16
1504,2025-02-11,Eletrônicos,Fone de Ouvido,4,202.05,808.2
1448,2025-02-11,Beleza,Batom,5,357.81,1789.05
1324,2025-02-11,Casa e Decoração,Luminária,1,172.97,172.97
1898,2025-02-11,Casa e Decoração,Luminária,5,114.29,571.45
1055,2025-02-11,Moda,Camiseta,5,52.62,263.1
1348,2025-02-12,Esporte,Tênis de Corrida,4,309.18,1236.72
1519,2025-02-12,Casa e Decoração,Luminária,4,361.61,1446.44
1506,2025-02-12,Esporte,Luvas,3,291.61,874.83
2487,2025-02-12,Casa e Decoração,Vaso,1,452.28,452.28
1306,2025-02-13,Casa e Decoração,Tapete,3,410.33,1230.99
1526,2025-02-13,Beleza,Creme Facial,5,270.13,1350.65
1518,2025-02-13,Beleza,Shampoo,2,362.29,724.58
1334,2025-02-13,Beleza,Shampoo,1,477.63,477.63
2099,2025-02-13,Eletrônicos,Fone de Ouvido,2,475.49,950.98
1141,2025-02-13,Moda,Tênis,4,286.48,1145.92
1551,2025-02-13,Eletrônicos,Smartwatch,3,169.71,509.13
1652,2025-02-13,Beleza,Perfume,5,84.09,420.45
1257,2025-02-13,Eletrônicos,Caixa de Som,1,377.4,377.4
1956,2025-02-14,Casa e Decoração,Tapete,3,341.44,1024.32
1580,2025-02-14,Esporte,Tênis de Corrida,2,120.74,241.48
1136,2025-02-14,Casa e Decoração,Tapete,2,380.23,760.46
2387,2025-02-14,Moda,Tênis,4,405.77,1623.08
2244,2025-02-15,Moda,Tênis,1,348.36,348.36
2015,2025-02-15,Esporte,Garrafa Térmica,3,217.86,653.58
1429,2025-02-15,Beleza,Creme Facial,5,374.57,1872.85
1776,2025-02-15,Moda,Tênis,4,213.63,854.52
1739,2025-02-15,Moda,Tênis,2,458.45,916.9
2042,2025-02-15,Moda,Calça Jeans,4,63.87,255.48
2316,2025-02-15,Casa e Decoração,Vaso,4,22.19,88.76
1904,2025-02-16,Esporte,Garrafa Térmica,5,25.08,125.4
1295,2025-02-16,Beleza,Batom,4,298.56,1194.24
1521,2025-02-16,Eletrônicos,Carregador,4,192.76,771.04
2206,2025-02-17,Esporte,Tênis de Corrida,4,168.99,675.96
1969,2025-02-17,Esporte,Garrafa Térmica,1,286.18,286.18
2471,2025-02-17,Beleza,Perfume,5,181.68,908.4
2080,2025-02-17,Beleza,Batom,5,460.58,2302.9
1143,2025-02-17,Casa e Decoração,Luminária,4,352.06,1408.24
1861,2025-02-17,Casa e Decoração,Luminária,2,338.4,676.8
1478,2025-02-17,Beleza,Creme Facial,1,148.86,148.86
2006,2025-02-18,Eletrônicos,Caixa de Som,5,45.84,229.2
1507,2025-02-18,Beleza,Perfume,2,121.48,242.96
2035,2025-02-18,Beleza,Creme Facial,4,206.78,827.12
1255,2025-02-18,Casa e Decoração,Tapete,3,339.25,1017.75
2421,2025-02-19,Eletrônicos,Smartwatch,5,452.56,2262.8
1547,2025-02-20,Casa e Decoração,Luminária,5,378.49,1892.45
2427,2025-02-20,Moda,Tênis,3,355.1,1065.3
1253,2025-02-20,Eletrônicos,Smartwatch,4,236.75,947.0
2425,2025-02-20,Beleza,Perfume,5,124.16,620.8
2191,2025-02-20,Beleza,Creme Facial,2,367.79,735.58
2327,2025-02-20,Moda,Tênis,2,200.26,400.52
2266,2025-02-20,Casa e Decoração,Tapete,4,391.11,1564.44
1325,2025-02-20,Casa e Decoração,Luminária,2,38.39,76.78
1202,2025-02-20,Eletrônicos,Caixa de Som,2,353.12,706.24
1062,2025-02-21,Eletrônicos,Smartwatch,5,147.3,736.5
1982,2025-02-21,Casa e Decoração,Vaso,5,433.68,2168.4
1732,2025-02-21,Casa e Decoração,Vaso,4,146.79,587.16
1635,2025-02-22,Beleza,Perfume,2,375.57,751.14
2270,2025-02-23,Esporte,Garrafa Térmica,2,368.12,736.24
1705,2025-02-23,Eletrônicos,Carregador,2,446.21,892.42
1067,2025-02-24,Beleza,Creme Facial,3,155.24,465.72
1657,2025-02-24,Moda,Tênis,4,170.74,682.96
1962,2025-02-24,Beleza,Perfume,5,161.24,806.2
2281,2025-02-24,Esporte,Garrafa Térmica,1,36.73,36.73
1433,2025-02-24,Casa e Decoração,Vaso,4,494.77,1979.08
2493,2025-02-24,Moda,Calça Jeans,3,230.95,692.85
1284,2025-02-24,Moda,Tênis,5,212.22,1061.1
1395,2025-02-25,Esporte,Bola,3,369.2,1107.6
2167,2025-02-25,Beleza,Perfume,4,367.56,1470.24
2280,2025-02-25,Moda,Tênis,2,314.7,629.4
1045,2025-02-25,Moda,Calça Jeans,2,277.42,554.84
1832,2025-02-25,Esporte,Tênis de Corrida,5,79.15,395.75
1249,2025-02-25,Esporte,Luvas,1,451.65,451.65
1700,2025-02-25,Eletrônicos,Fone de Ouvido,4,230.35,921.4
1246,2025-02-25,Esporte,Bola,5,40.82,204.1
1127,2025-02-25,Beleza,Perfume,3,296.38,889.14
1023,2025-02-26,Moda,Calça Jeans,4,306.28,1225.12
2101,2025-02-26,Casa e Decoração,Tapete,4,30.92,123.68
2430,2025-02-27,Casa e Decoração,Almofada,4,72.95,291.8
1360,2025-02-28,Eletrônicos,Smartwatch,4,268.52,1074.08
1827,2025-02-28,Eletrônicos,Smartwatch,1,183.85,183.85
1184,2025-02-28,Esporte,Tênis de Corrida,2,259.22,518.44
1715,2025-03-01,Casa e Decoração,Tapete,4,254.77,1019.08
1627,2025-03-01,Esporte,Tênis de Corrida,3,339.72,1019.16
1963,2025-03-01,Beleza,Shampoo,5,410.31,2051.55
2124,2025-03-02,Moda,Jaqueta,2,369.0,738.0
1822,2025-03-02,Esporte,Tênis de Corrida,1,213.65,213.65
1443,2025-03-02,Esporte,Garrafa Térmica,2,214.6,429.2
1794,2025-03-02,Casa e Decoração,Almofada,1,258.91,258.91
1931,2025-03-02,Eletrônicos,Caixa de Som,2,452.95,905.9
1768,2025-03-02,Esporte,Tênis de Corrida,5,298.55,1492.75
1482,2025-03-02,Esporte,Bola,5,357.81,1789.05
2490,2025-03-03,Beleza,Shampoo,4,444.59,1778.36
1658,2025-03-03,Beleza,Shampoo,2,236.92,473.84
1854,2025-03-03,Esporte,Tênis de Corrida,4,153.97,615.88
2085,2025-03-03,Moda,Camiseta,4,45.98,183.92
1974,2025-03-03,Eletrônicos,Caixa de Som,5,23.18,115.9
1640,2025-03-03,Beleza,Perfume,2,127.13,254.26
1236,2025-03-04,Esporte,Tênis de Corrida,2,328.02,656.04
1103,2025-03-04,Esporte,Bola,4,340.44,1361.76
2357,2025-03-04,Esporte,Garrafa Térmica,4,318.06,1272.24
1388,2025-03-04,Casa e Decoração,Tapete,2,87.62,175.24
1995,2025-03-04,Casa e Decoração,Luminária,5,296.43,1482.15
1787,2025-03-05,Casa e Decoração,Almofada,4,440.74,1762.96
1726,2025-03-06,Eletrônicos,Caixa de Som,1,494.37,494.37
1238,2025-03-06,Beleza,Creme Facial,1,418.31,418.31
1195,2025-03-06,Beleza,Shampoo,1,439.61,439.61
1978,2025-03-07,Eletrônicos,Caixa de Som,4,471.03,1884.12
1920,2025-03-07,Beleza,Creme Facial,2,322.18,644.36
1765,2025-03-07,Casa e Decoração,Luminária,3,334.13,1002.39
1461,2025-03-07,Moda,Camiseta,1,489.68,489.68
1654,2025-03-08,Moda,Jaqueta,3,428.44,1285.32
1786,2025-03-09,Moda,Camiseta,5,262.22,1311.1
1928,2025-03-09,Eletrônicos,Fone de Ouvido,2,270.9,541.8
2367,2025-03-09,Casa e Decoração,Luminária,3,128.86,386.58
1990,2025-03-10,Beleza,Shampoo,4,164.02,656.08
1606,2025-03-10,Moda,Camiseta,5,290.38,1451.9
1458,2025-03-11,Esporte,Garrafa Térmica,4,235.3,941.2
2017,2025-03-11,Casa e Decoração,Vaso,4,276.85,1107.4
1363,2025-03-11,Eletrônicos,Caixa de Som,2,451.37,902.74
2431,2025-03-11,Esporte,Garrafa Térmica,3,287.42,862.26
2235,2025-03-11,Eletrônicos,Smartwatch,4,432.87,1731.48
1675,2025-03-12,Esporte,Bola,5,139.59,697.95
1424,2025-03-12,Eletrônicos,Smartwatch,2,44.37,88.74
1793,2025-03-12,Esporte,Tênis de Corrida,5,365.01,1825.05
1022,2025-03-12,Beleza,Batom,1,382.78,382.78
1915,2025-03-13,Esporte,Bola,2,57.0,114.0
1513,2025-03-13,Eletrônicos,Carregador,1,66.89,66.89
1611,2025-03-13,Moda,Jaqueta,1,139.12,139.12
2379,2025-03-13,Beleza,Perfume,3,31.9,95.7
1665,2025-03-13,Eletrônicos,Fone de Ouvido,1,418.58,418.58
2222,2025-03-13,Beleza,Perfume,2,337.22,674.44
1002,2025-03-13,Eletrônicos,Fone de Ouvido,5,222.52,1112.6
1046,2025-03-13,Esporte,Bola,3,242.06,726.18
2489,2025-03-13,Moda,Camiseta,5,372.55,1862.75
2104,2025-03-14,Eletrônicos,Caixa de Som,5,454.9,2274.5
1884,2025-03-14,Eletrônicos,Fone de Ouvido,1,294.9,294.9
1650,2025-03-14,Casa e Decoração,Almofada,1,462.21,462.21
2416,2025-03-14,Moda,Jaqueta,2,120.72,241.44
1401,2025-03-15,Moda,Tênis,5,39.32,196.6
1207,2025-03-15,Moda,Tênis,3,240.59,721.77
1470,2025-03-15,Beleza,Creme Facial,4,164.24,656.96
2208,2025-03-15,Beleza,Shampoo,3,208.2,624.6
1267,2025-03-15,Beleza,Batom,1,88.1,88.1
1332,2025-03-15,Casa e Decoração,Tapete,1,315.11,315.11
2402,2025-03-16,Casa e Decoração,Tapete,2,191.55,383.1
1241,2025-03-16,Moda,Jaqueta,2,72.76,145.52
1421,2025-03-16,Casa e Decoração,Almofada,3,478.55,1435.65
1999,2025-03-16,Moda,Jaqueta,4,323.01,1292.04
2031,2025-03-16,Eletrônicos,Carregador,4,54.26,217.04
2262,2025-03-16,Beleza,Batom,1,158.62,158.62
2100,2025-03-17,Casa e Decoração,Almofada,3,353.02,1059.06
1074,2025-03-17,Esporte,Bola,1,167.96,167.96
2443,2025-03-17,Esporte,Tênis de Corrida,1,140.33,140.33
2373,2025-03-17,Casa e Decoração,Tapete,5,488.22,2441.1
1731,2025-03-17,Beleza,Perfume,1,290.09,290.09
1240,2025-03-17,Beleza,Perfume,3,432.03,1296.09
2151,2025-03-18,Moda,Calça Jeans,2,389.2,778.4
1403,2025-03-18,Beleza,Creme Facial,3,467.06,1401.18
2320,2025-03-18,Esporte,Luvas,2,96.68,193.36
1989,2025-03-18,Esporte,Tênis de Corrida,2,222.33,444.66
1799,2025-03-18,Eletrônicos,Fone de Ouvido,1,454.29,454.29
1771,2025-03-19,Moda,Calça Jeans,3,216.41,649.23
2044,2025-03-20,Beleza,Perfume,2,254.16,508.32
2119,2025-03-20,Esporte,Garrafa Térmica,5,178.06,890.3
1029,2025-03-20,Casa e Decoração,Luminária,5,477.68,2388.4
1623,2025-03-20,Casa e Decoração,Almofada,3,57.93,173.79
1940,2025-03-21,Esporte,Garrafa Térmica,3,430.39,1291.17
1310,2025-03-21,Eletrônicos,Carregador,1,263.69,263.69
1232,2025-03-21,Esporte,Tênis de Corrida,4,315.51,1262.04
2008,2025-03-21,Eletrônicos,Caixa de Som,3,130.09,390.27
2016,2025-03-21,Casa e Decoração,Almofada,1,271.19,271.19
1596,2025-03-22,Esporte,Luvas,1,496.08,496.08
1817,2025-03-22,Beleza,Batom,4,437.32,1749.28
2311,2025-03-22,Eletrônicos,Caixa de Som,1,23.05,23.05
2455,2025-03-22,Beleza,Perfume,4,146.43,585.72
2070,2025-03-22,Beleza,Batom,3,453.19,1359.57
2114,2025-03-22,Eletrônicos,Carregador,3,190.58,571.74
1209,2025-03-22,Eletrônicos,Caixa de Som,3,494.07,1482.21
1556,2025-03-23,Casa e Decoração,Tapete,4,131.29,525.16
1390,2025-03-23,Casa e Decoração,Vaso,2,386.3,772.6
2215,2025-03-23,Esporte,Luvas,1,183.54,183.54
1906,2025-03-23,Moda,Calça Jeans,4,470.8,1883.2
1006,2025-03-23,Esporte,Garrafa Térmica,3,94.63,283.89
1741,2025-03-23,Eletrônicos,Carregador,5,213.62,1068.1
1318,2025-03-24,Moda,Calça Jeans,3,45.05,135.15
1706,2025-03-24,Eletrônicos,Fone de Ouvido,3,305.13,915.39
1846,2025-03-24,Casa e Decoração,Vaso,2,422.9,845.8
1992,2025-03-25,Eletrônicos,Smartwatch,3,248.74,746.22
1015,2025-03-25,Esporte,Luvas,3,494.97,1484.91
2410,2025-03-25,Eletrônicos,Smartwatch,2,261.62,523.24
1749,2025-03-25,Beleza,Creme Facial,2,330.74,661.48
1034,2025-03-26,Casa e Decoração,Tapete,2,465.88,931.76
1167,2025-03-26,Casa e Decoração,Vaso,4,79.69,318.76
1050,2025-03-26,Esporte,Tênis de Corrida,4,147.3,589.2
1708,2025-03-26,Beleza,Batom,2,45.71,91.42
1829,2025-03-26,Esporte,Bola,4,71.34,285.36
2040,2025-03-27,Casa e Decoração,Almofada,4,398.79,1595.16
2069,2025-03-27,Moda,Tênis,5,182.01,910.05
2462,2025-03-28,Eletrônicos,Carregador,1,241.24,241.24
1286,2025-03-28,Eletrônicos,Fone de Ouvido,5,264.78,1323.9
2010,2025-03-29,Eletrônicos,Fone de Ouvido,3,432.98,1298.94
1410,2025-03-29,Beleza,Batom,2,414.4,828.8
1764,2025-03-29,Beleza,Creme Facial,3,66.85,200.55
2211,2025-03-29,Casa e Decoração,Vaso,5,295.85,1479.25
2231,2025-03-30,Esporte,Bola,2,286.6,573.2
1663,2025-03-31,Eletrônicos,Caixa de Som,4,286.86,1147.44
1172,2025-03-31,Esporte,Luvas,3,107.11,321.33
1694,2025-03-31,Esporte,Garrafa Térmica,3,81.13,243.39
1952,2025-03-31,Esporte,Luvas,1,116.82,116.82
2370,2025-03-31,Moda,Calça Jeans,2,76.12,152.24
1980,2025-03-31,Esporte,Tênis de Corrida,5,240.83,1204.15
2255,2025-03-31,Casa e Decoração,Luminária,4,106.79,427.16
1685,2025-03-31,Esporte,Tênis de Corrida,1,46.96,46.96
1688,2025-04-01,Casa e Decoração,Almofada,1,90.9,90.9
1853,2025-04-01,Eletrônicos,Smartwatch,2,372.84,745.68
1774,2025-04-01,Casa e Decoração,Almofada,1,236.99,236.99
2291,2025-04-01,Beleza,Perfume,4,337.15,1348.6
1970,2025-04-02,Esporte,Garrafa Térmica,3,124.91,374.73
2312,2025-04-02,Eletrônicos,Carregador,4,352.88,1411.52
2067,2025-04-02,Beleza,Batom,1,387.82,387.82
1349,2025-04-03,Beleza,Shampoo,3,69.25,207.75
1773,2025-04-03,Eletrônicos,Caixa de Som,3,322.9,968.7
1922,2025-04-03,Beleza,Batom,5,485.24,2426.2
1926,2025-04-04,Beleza,Shampoo,2,367.61,735.22
2024,2025-04-04,Moda,Jaqueta,1,325.71,325.71
2372,2025-04-05,Moda,Camiseta,3,489.45,1468.35
2428,2025-04-05,Esporte,Tênis de Corrida,2,420.68,841.36
2127,2025-04-05,Eletrônicos,Carregador,5,292.18,1460.9
2422,2025-04-05,Casa e Decoração,Almofada,1,89.87,89.87
1887,2025-04-05,Moda,Jaqueta,2,75.02,150.04
1672,2025-04-06,Casa e Decoração,Vaso,4,444.04,1776.16
2238,2025-04-06,Esporte,Tênis de Corrida,5,259.12,1295.6
1983,2025-04-06,Beleza,Shampoo,2,149.32,298.64
1570,2025-04-06,Casa e Decoração,Tapete,5,45.73,228.65
2411,2025-04-07,Beleza,Perfume,4,241.04,964.16
1464,2025-04-07,Eletrônicos,Fone de Ouvido,4,315.16,1260.64
2020,2025-04-07,Esporte,Luvas,4,139.95,559.8
1614,2025-04-07,Esporte,Garrafa Térmica,1,396.22,396.22
2066,2025-04-08,Moda,Calça Jeans,5,320.16,1600.8
1187,2025-04-08,Beleza,Creme Facial,1,152.6,152.6
1344,2025-04-08,Casa e Decoração,Vaso,1,435.58,435.58
2426,2025-04-09,Casa e Decoração,Luminária,5,22.08,110.4
1147,2025-04-09,Casa e Decoração,Almofada,5,476.42,2382.1
1869,2025-04-09,Casa e Decoração,Almofada,1,100.35,100.35
1892,2025-04-10,Casa e Decoração,Tapete,4,177.61,710.44
1531,2025-04-11,Esporte,Tênis de Corrida,2,166.24,332.48
2439,2025-04-12,Casa e Decoração,Luminária,5,425.13,2125.65
1211,2025-04-12,Esporte,Luvas,1,133.86,133.86
1890,2025-04-12,Beleza,Batom,3,191.43,574.29
2092,2025-04-12,Esporte,Luvas,5,114.13,570.65
2205,2025-04-12,Beleza,Perfume,4,292.54,1170.16
1342,2025-04-13,Eletrônicos,Carregador,3,267.38,802.14
1428,2025-04-13,Casa e Decoração,Vaso,3,330.03,990.09
2106,2025-04-13,Beleza,Shampoo,1,243.18,243.18
1367,2025-04-13,Moda,Calça Jeans,4,32.62,130.48
1972,2025-04-13,Moda,Calça Jeans,3,119.25,357.75
1743,2025-04-13,Eletrônicos,Smartwatch,1,239.1,239.1
2154,2025-04-14,Eletrônicos,Carregador,1,240.15,240.15
2058,2025-04-14,Eletrônicos,Caixa de Som,2,67.4,134.8
1851,2025-04-14,Beleza,Batom,2,457.51,915.02
1973,2025-04-14,Moda,Jaqueta,2,393.89,787.78
1180,2025-04-15,Casa e Decoração,Luminária,3,230.3,690.9
1477,2025-04-15,Casa e Decoração,Almofada,4,426.62,1706.48
1385,2025-04-15,Casa e Decoração,Luminária,3,433.51,1300.53
2353,2025-04-15,Moda,Jaqueta,2,279.02,558.04
2361,2025-04-15,Beleza,Perfume,3,219.94,659.82
1624,2025-04-15,Moda,Jaqueta,4,301.49,1205.96
1276,2025-04-15,Casa e Decoração,Luminária,2,386.8,773.6
1714,2025-04-16,Moda,Jaqueta,1,247.31,247.31
1582,2025-04-16,Moda,Camiseta,5,188.39,941.95
2349,2025-04-17,Eletrônicos,Carregador,1,267.07,267.07
2102,2025-04-18,Beleza,Creme Facial,2,282.28,564.56
1068,2025-04-18,Casa e Decoração,Luminária,3,262.6,787.8
1539,2025-04-18,Esporte,Garrafa Térmica,1,413.1,413.1
1985,2025-04-18,Esporte,Garrafa Térmica,3,430.08,1290.24
1775,2025-04-18,Moda,Calça Jeans,4,396.9,1587.6
1120,2025-04-19,Esporte,Garrafa Térmica,3,385.39,1156.17
2307,2025-04-20,Eletrônicos,Smartwatch,3,50.35,151.05
1423,2025-04-20,Moda,Jaqueta,5,354.16,1770.8
1362,2025-04-20,Beleza,Shampoo,4,116.09,464.36
1041,2025-04-20,Beleza,Creme Facial,5,296.58,1482.9
2039,2025-04-22,Eletrônicos,Smartwatch,4,175.77,703.08
1609,2025-04-22,Eletrônicos,Fone de Ouvido,2,381.17,762.34
2328,2025-04-23,Eletrônicos,Caixa de Som,5,252.52,1262.6
2334,2025-04-23,Casa e Decoração,Luminária,5,454.68,2273.4
1666,2025-04-24,Moda,Calça Jeans,4,198.68,794.72
1080,2025-04-24,Moda,Tênis,3,166.49,499.47
1322,2025-04-24,Esporte,Garrafa Térmica,1,219.15,219.15
2076,2025-04-24,Moda,Jaqueta,1,390.33,390.33
1895,2025-04-24,Esporte,Garrafa Térmica,3,84.47,253.41
2133,2025-04-24,Moda,Calça Jeans,1,105.0,105.0
1445,2025-04-24,Moda,Calça Jeans,4,93.53,374.12
1766,2025-04-24,Casa e Decoração,Luminária,3,221.83,665.49
1913,2025-04-25,Beleza,Batom,3,412.27,1236.81
1262,2025-04-25,Eletrônicos,Carregador,5,196.43,982.15
1166,2025-04-26,Moda,Jaqueta,2,54.28,108.56
1602,2025-04-26,Beleza,Batom,1,23.87,23.87
1254,2025-04-27,Esporte,Garrafa Térmica,4,211.39,845.56
2001,2025-04-27,Casa e Decoração,Vaso,3,361.01,1083.03
1081,2025-04-27,Moda,Camiseta,2,211.26,422.52
1279,2025-04-28,Beleza,Shampoo,1,210.59,210.59
1604,2025-04-28,Esporte,Tênis de Corrida,1,69.54,69.54
1463,2025-04-28,Moda,Tênis,3,94.46,283.38
1215,2025-04-28,Beleza,Shampoo,2,325.58,651.16
2364,2025-04-29,Beleza,Shampoo,4,297.78,1191.12
1514,2025-04-29,Eletrônicos,Carregador,5,389.12,1945.6
2128,2025-04-29,Beleza,Creme Facial,2,349.94,699.88
1012,2025-04-30,Eletrônicos,Caixa de Som,3,237.64,712.92
2098,2025-04-30,Moda,Jaqueta,2,383.71,767.42
1226,2025-04-30,Esporte,Tênis de Corrida,5,444.43,2222.15
2317,2025-05-01,Moda,Camiseta,5,488.86,2444.3
1234,2025-05-01,Casa e Decoração,Almofada,3,281.34,844.02
1056,2025-05-01,Esporte,Tênis de Corrida,5,138.18,690.9
1097,2025-05-01,Casa e Decoração,Luminária,2,90.73,181.46
1649,2025-05-02,Esporte,Luvas,1,486.83,486.83
1243,2025-05-02,Beleza,Shampoo,1,103.64,103.64
2239,2025-05-02,Beleza,Shampoo,4,464.75,1859.0
2491,2025-05-02,Beleza,Perfume,3,178.06,534.18
1329,2025-05-02,Casa e Decoração,Almofada,1,134.45,134.45
2156,2025-05-02,Moda,Tênis,4,216.87,867.48
1077,2025-05-02,Moda,Calça Jeans,4,31.9,127.6
2258,2025-05-02,Esporte,Bola,2,297.32,594.64
2482,2025-05-03,Eletrônicos,Smartwatch,2,33.3,66.6
1905,2025-05-03,Beleza,Creme Facial,5,87.38,436.9
1615,2025-05-03,Esporte,Luvas,1,135.72,135.72
1192,2025-05-03,Beleza,Batom,2,430.89,861.78
1626,2025-05-03,Eletrônicos,Smartwatch,1,463.82,463.82
2479,2025-05-04,Moda,Jaqueta,4,216.92,867.68
1681,2025-05-04,Casa e Decoração,Almofada,2,296.33,592.66
1512,2025-05-04,Beleza,Batom,5,179.23,896.15
1759,2025-05-04,Eletrônicos,Caixa de Som,3,346.76,1040.28
1393,2025-05-04,Moda,Jaqueta,1,44.26,44.26
1333,2025-05-04,Beleza,Batom,2,338.9,677.8
2267,2025-05-04,Beleza,Creme Facial,5,181.96,909.8
1142,2025-05-04,Esporte,Luvas,4,400.61,1602.44
1965,2025-05-05,Casa e Decoração,Tapete,4,450.33,1801.32
1411,2025-05-05,Eletrônicos,Fone de Ouvido,2,29.09,58.18
1536,2025-05-05,Casa e Decoração,Tapete,3,411.92,1235.76
1042,2025-05-05,Esporte,Luvas,2,65.28,130.56
2338,2025-05-07,Moda,Jaqueta,4,298.14,1192.56
2135,2025-05-07,Esporte,Luvas,1,311.81,311.81
1037,2025-05-07,Moda,Camiseta,3,30.1,90.3
1440,2025-05-08,Eletrônicos,Carregador,4,133.05,532.2
1815,2025-05-08,Esporte,Garrafa Térmica,4,91.35,365.4
1874,2025-05-09,Beleza,Perfume,5,414.38,2071.9
2322,2025-05-09,Casa e Decoração,Tapete,1,70.12,70.12
2271,2025-05-09,Moda,Camiseta,1,317.31,317.31
1069,2025-05-09,Eletrônicos,Fone de Ouvido,4,418.09,1672.36
1502,2025-05-10,Casa e Decoração,Vaso,4,57.93,231.72
2275,2025-05-10,Casa e Decoração,Tapete,1,326.61,326.61
1155,2025-05-10,Esporte,Tênis de Corrida,1,212.34,212.34
1177,2025-05-10,Casa e Decoração,Almofada,4,435.16,1740.64
2420,2025-05-10,Eletrônicos,Fone de Ouvido,3,340.44,1021.32
2175,2025-05-11,Eletrônicos,Carregador,3,263.21,789.63
1788,2025-05-11,Beleza,Perfume,5,497.45,2487.25
2494,2025-05-11,Beleza,Perfume,4,276.07,1104.28
1288,2025-05-12,Moda,Calça Jeans,5,93.38,466.9
1875,2025-05-13,Esporte,Luvas,4,322.5,1290.0
2169,2025-05-13,Beleza,Shampoo,2,314.86,629.72
1139,2025-05-13,Casa e Decoração,Vaso,5,356.57,1782.85
1748,2025-05-13,Eletrônicos,Carregador,1,205.55,205.55
2103,2025-05-13,Beleza,Batom,5,370.36,1851.8
1084,2025-05-14,Moda,Jaqueta,1,72.03,72.03
2449,2025-05-14,Beleza,Shampoo,5,282.38,1411.9
1812,2025-05-14,Casa e Decoração,Almofada,5,388.41,1942.05
1718,2025-05-15,Esporte,Luvas,3,128.6,385.8
1620,2025-05-15,Moda,Camiseta,1,475.37,475.37
1071,2025-05-15,Moda,Tênis,5,358.72,1793.6
1165,2025-05-16,Beleza,Creme Facial,4,75.09,300.36
1198,2025-05-16,Casa e Decoração,Tapete,1,428.85,428.85
1855,2025-05-16,Moda,Calça Jeans,5,426.09,2130.45
1161,2025-05-16,Eletrônicos,Smartwatch,2,103.43,206.86
1699,2025-05-16,Moda,Calça Jeans,1,188.23,188.23
1014,2025-05-17,Eletrônicos,Smartwatch,5,369.98,1849.9
2355,2025-05-17,Beleza,Batom,3,46.14,138.42
2284,2025-05-17,Moda,Jaqueta,4,295.83,1183.32
1441,2025-05-17,Casa e Decoração,Vaso,5,366.98,1834.9
1631,2025-05-18,Eletrônicos,Fone de Ouvido,3,407.41,1222.23
1528,2025-05-18,Esporte,Bola,1,100.26,100.26
1719,2025-05-18,Beleza,Perfume,2,381.07,762.14
1522,2025-05-19,Eletrônicos,Smartwatch,1,109.95,109.95
1146,2025-05-19,Casa e Decoração,Vaso,2,77.91,155.82
1632,2025-05-20,Beleza,Perfume,3,361.92,1085.76
2392,2025-05-20,Esporte,Bola,5,241.82,1209.1
2197,2025-05-20,Moda,Calça Jeans,3,74.94,224.82
1598,2025-05-21,Eletrônicos,Carregador,3,59.56,178.68
1499,2025-05-21,Beleza,Shampoo,1,261.06,261.06
1911,2025-05-21,Casa e Decoração,Luminária,4,333.76,1335.04
2308,2025-05-21,Moda,Tênis,2,354.22,708.44
2360,2025-05-22,Eletrônicos,Smartwatch,4,92.24,368.96
1586,2025-05-22,Moda,Calça Jeans,2,90.2,180.4
1758,2025-05-22,Casa e Decoração,Vaso,2,91.97,183.94
1107,2025-05-22,Beleza,Batom,2,151.81,303.62
2276,2025-05-22,Esporte,Garrafa Térmica,3,97.74,293.22
1960,2025-05-22,Moda,Calça Jeans,4,466.26,1865.04
1149,2025-05-22,Beleza,Shampoo,1,419.66,419.66
2196,2025-05-22,Beleza,Shampoo,4,342.14,1368.56
1529,2025-05-22,Esporte,Garrafa Térmica,4,395.68,1582.72
1140,2025-05-22,Beleza,Perfume,5,475.07,2375.35
2158,2025-05-23,Beleza,Creme Facial,1,108.72,108.72
1417,2025-05-23,Beleza,Shampoo,2,471.91,943.82
2423,2025-05-23,Beleza,Shampoo,3,97.07,291.21
1263,2025-05-23,Beleza,Creme Facial,4,425.67,1702.68
1082,2025-05-23,Eletrônicos,Carregador,3,327.91,983.73
2382,2025-05-23,Moda,Camiseta,1,278.44,278.44
2441,2025-05-23,Beleza,Shampoo,4,190.93,763.72
1819,2025-05-23,Eletrônicos,Smartwatch,5,328.79,1643.95
1986,2025-05-24,Esporte,Bola,5,82.95,414.75
1679,2025-05-24,Eletrônicos,Caixa de Som,5,191.57,957.85
1583,2025-05-24,Beleza,Creme Facial,3,489.92,1469.76
2253,2025-05-24,Casa e Decoração,Vaso,1,375.89,375.89
2243,2025-05-24,Esporte,Tênis de Corrida,5,447.16,2235.8
1233,2025-05-24,Eletrônicos,Carregador,2,232.82,465.64
2409,2025-05-25,Casa e Decoração,Tapete,4,183.35,733.4
1300,2025-05-25,Esporte,Luvas,3,345.87,1037.61
1642,2025-05-25,Casa e Decoração,Vaso,1,285.48,285.48
1867,2025-05-25,Eletrônicos,Carregador,5,405.35,2026.75
1320,2025-05-26,Eletrônicos,Smartwatch,3,235.67,707.01
2433,2025-05-26,Esporte,Garrafa Térmica,4,128.42,513.68
2200,2025-05-26,Beleza,Creme Facial,2,54.2,108.4
2162,2025-05-26,Beleza,Creme Facial,4,379.68,1518.72
1096,2025-05-26,Beleza,Shampoo,1,412.84,412.84
2009,2025-05-26,Esporte,Bola,2,272.84,545.68
2388,2025-05-28,Moda,Tênis,4,86.99,347.96
1432,2025-05-29,Eletrônicos,Fone de Ouvido,3,292.62,877.86
2377,2025-05-29,Beleza,Creme Facial,5,369.7,1848.5
1277,2025-05-29,Casa e Decoração,Almofada,1,258.74,258.74
1841,2025-05-29,Casa e Decoração,Luminária,2,261.87,523.74
2394,2025-05-29,Beleza,Batom,1,414.94,414.94
1584,2025-05-30,Casa e Decoração,Vaso,5,493.03,2465.15
1185,2025-05-30,Beleza,Shampoo,4,420.67,1682.68
2248,2025-05-31,Casa e Decoração,Luminária,1,353.62,353.62
2343,2025-06-01,Moda,Camiseta,1,250.3,250.3
1437,2025-06-01,Beleza,Creme Facial,2,313.26,626.52
2348,2025-06-01,Esporte,Garrafa Térmica,5,280.37,1401.85
1150,2025-06-01,Moda,Jaqueta,2,165.09,330.18
1782,2025-06-02,Casa e Decoração,Tapete,5,306.26,1531.3
2038,2025-06-02,Moda,Jaqueta,1,434.56,434.56
1189,2025-06-02,Beleza,Batom,2,234.34,468.68
1418,2025-06-02,Casa e Decoração,Luminária,4,172.18,688.72
1210,2025-06-03,Esporte,Garrafa Térmica,4,425.75,1703.0
1405,2025-06-03,Beleza,Shampoo,5,417.58,2087.9
1090,2025-06-03,Beleza,Shampoo,4,176.57,706.28
2292,2025-06-03,Esporte,Tênis de Corrida,3,253.52,760.56
2397,2025-06-03,Esporte,Tênis de Corrida,3,220.24,660.72
1691,2025-06-04,Casa e Decoração,Luminária,2,371.53,743.06
1858,2025-06-04,Esporte,Garrafa Térmica,1,396.34,396.34
2115,2025-06-04,Moda,Jaqueta,1,320.38,320.38
2187,2025-06-04,Moda,Jaqueta,2,73.87,147.74
1879,2025-06-04,Beleza,Perfume,3,387.33,1161.99
2395,2025-06-04,Beleza,Shampoo,4,288.45,1153.8
1644,2025-06-05,Beleza,Creme Facial,4,196.77,787.08
2141,2025-06-05,Casa e Decoração,Tapete,2,222.78,445.56
1144,2025-06-06,Beleza,Shampoo,4,285.67,1142.68
2344,2025-06-06,Moda,Tênis,5,378.7,1893.5
1897,2025-06-06,Esporte,Tênis de Corrida,2,329.86,659.72
1566,2025-06-06,Eletrônicos,Smartwatch,3,352.85,1058.55
1753,2025-06-06,Casa e Decoração,Tapete,4,428.76,1715.04
2185,2025-06-07,Casa e Decoração,Almofada,3,218.66,655.98
2302,2025-06-07,Eletrônicos,Caixa de Som,5,101.93,509.65
1266,2025-06-08,Casa e Decoração,Vaso,1,107.07,107.07
2483,2025-06-08,Esporte,Luvas,5,495.82,2479.1
2499,2025-06-08,Casa e Decoração,Almofada,5,436.14,2180.7
2413,2025-06-09,Casa e Decoração,Luminária,4,447.07,1788.28
2195,2025-06-09,Moda,Jaqueta,2,112.42,224.84
2036,2025-06-09,Casa e Decoração,Luminária,1,377.47,377.47
2453,2025-06-09,Esporte,Luvas,1,293.05,293.05
1059,2025-06-10,Moda,Jaqueta,4,82.82,331.28
2474,2025-06-10,Moda,Tênis,4,140.61,562.44
1412,2025-06-10,Esporte,Bola,4,351.44,1405.76
1415,2025-06-10,Moda,Tênis,5,184.32,921.6
1281,2025-06-10,Beleza,Batom,5,214.12,1070.6
1510,2025-06-11,Eletrônicos,Smartwatch,5,89.21,446.05
1894,2025-06-11,Esporte,Bola,1,170.34,170.34
2045,2025-06-12,Beleza,Shampoo,4,371.93,1487.72
1683,2025-06-12,Casa e Decoração,Almofada,3,474.83,1424.49
2371,2025-06-12,Beleza,Creme Facial,4,145.0,580.0
1859,2025-06-12,Beleza,Creme Facial,2,269.89,539.78
1486,2025-06-13,Moda,Jaqueta,3,218.69,656.07
1404,2025-06-13,Moda,Tênis,5,374.87,1874.35
2125,2025-06-13,Esporte,Luvas,3,232.64,697.92
1698,2025-06-13,Moda,Camiseta,3,234.38,703.14
1386,2025-06-13,Casa e Decoração,Tapete,2,385.12,770.24
2026,2025-06-14,Eletrônicos,Smartwatch,1,485.46,485.46
1587,2025-06-14,Moda,Tênis,4,88.24,352.96
1250,2025-06-14,Beleza,Creme Facial,1,80.57,80.57
1866,2025-06-14,Esporte,Tênis de Corrida,4,143.16,572.64
1857,2025-06-15,Beleza,Perfume,5,424.71,2123.55
2176,2025-06-15,Eletrônicos,Fone de Ouvido,3,183.85,551.55
1375,2025-06-15,Moda,Jaqueta,5,449.56,2247.8
1138,2025-06-16,Moda,Tênis,2,190.32,380.64
1525,2025-06-16,Esporte,Tênis de Corrida,3,218.63,655.89
1270,2025-06-16,Beleza,Perfume,1,94.68,94.68
1561,2025-06-16,Moda,Tênis,1,145.93,145.93
2011,2025-06-16,Esporte,Luvas,5,468.73,2343.65
1283,2025-06-16,Moda,Tênis,3,62.3,186.9
1729,2025-06-16,Casa e Decoração,Tapete,1,397.54,397.54
2087,2025-06-17,Beleza,Creme Facial,2,44.25,88.5
1661,2025-06-17,Moda,Camiseta,2,484.83,969.66
1350,2025-06-17,Casa e Decoração,Vaso,4,309.26,1237.04
1489,2025-06-18,Moda,Tênis,5,420.01,2100.05
1175,2025-06-18,Esporte,Luvas,3,338.04,1014.12
1918,2025-06-19,Eletrônicos,Caixa de Som,4,249.93,999.72
2182,2025-06-19,Casa e Decoração,Almofada,2,154.62,309.24
1345,2025-06-19,Casa e Decoração,Almofada,3,229.74,689.22
1862,2025-06-19,Casa e Decoração,Vaso,2,476.15,952.3
1873,2025-06-19,Eletrônicos,Fone de Ouvido,1,46.05,46.05
1111,2025-06-19,Beleza,Batom,4,49.89,199.56
1709,2025-06-19,Moda,Calça Jeans,4,354.65,1418.6
1767,2025-06-19,Casa e Decoração,Vaso,5,161.14,805.7
1896,2025-06-19,Esporte,Luvas,4,192.2,768.8
1687,2025-06-19,Beleza,Creme Facial,2,183.56,367.12
1040,2025-06-19,Eletrônicos,Smartwatch,3,341.11,1023.33
1735,2025-06-19,Moda,Camiseta,4,462.0,1848.0
1426,2025-06-19,Esporte,Tênis de Corrida,2,22.49,44.98
1669,2025-06-19,Eletrônicos,Fone de Ouvido,4,44.31,177.24
1481,2025-06-20,Casa e Decoração,Almofada,2,469.84,939.68
1078,2025-06-20,Esporte,Bola,3,96.41,289.23
2084,2025-06-21,Casa e Decoração,Tapete,4,466.52,1866.08
1007,2025-06-22,Eletrônicos,Fone de Ouvido,4,66.42,265.68
1783,2025-06-22,Esporte,Bola,3,498.15,1494.45
2178,2025-06-23,Esporte,Luvas,1,329.91,329.91
1947,2025-06-23,Beleza,Perfume,2,206.77,413.54
2290,2025-06-24,Eletrônicos,Caixa de Som,3,330.94,992.82
1309,2025-06-24,Esporte,Bola,2,499.99,999.98
2246,2025-06-25,Beleza,Perfume,4,237.94,951.76
1805,2025-06-25,Moda,Camiseta,4,212.12,848.48
1298,2025-06-25,Eletrônicos,Smartwatch,1,138.92,138.92
1838,2025-06-25,Casa e Decoração,Tapete,2,86.33,172.66
1927,2025-06-25,Esporte,Tênis de Corrida,2,201.54,403.08
1603,2025-06-25,Eletrônicos,Caixa de Som,2,249.3,498.6
2217,2025-06-25,Beleza,Creme Facial,2,338.05,676.1
1914,2025-06-26,Esporte,Luvas,5,23.17,115.85
1886,2025-06-26,Moda,Tênis,5,88.38,441.9
2386,2025-06-26,Casa e Decoração,Vaso,4,439.66,1758.64
1008,2025-06-26,Beleza,Shampoo,1,370.27,370.27
1145,2025-06-26,Esporte,Garrafa Térmica,3,357.37,1072.11
2259,2025-06-26,Eletrônicos,Carregador,1,45.21,45.21
1780,2025-06-26,Casa e Decoração,Luminária,1,204.1,204.1
1419,2025-06-28,Beleza,Shampoo,3,78.5,235.5
1460,2025-06-28,Eletrônicos,Smartwatch,5,208.67,1043.35
2458,2025-06-28,Beleza,Perfume,3,202.68,608.04
2049,2025-06-28,Casa e Decoração,Tapete,3,436.48,1309.44
1063,2025-06-28,Eletrônicos,Smartwatch,3,156.79,470.37
1287,2025-06-28,Casa e Decoração,Luminária,2,69.35,138.7
1702,2025-06-29,Beleza,Batom,1,417.83,417.83
1352,2025-06-30,Beleza,Batom,3,326.95,980.85
1968,2025-06-30,Beleza,Perfume,3,139.16,417.48
1492,2025-06-30,Moda,Calça Jeans,5,254.39,1271.95
1293,2025-06-30,Beleza,Perfume,3,241.64,724.92
1261,2025-06-30,Eletrônicos,Smartwatch,2,335.23,670.46
1076,2025-07-01,Beleza,Batom,5,379.75,1898.75
1416,2025-07-01,Casa e Decoração,Tapete,2,479.52,959.04
1524,2025-07-01,Beleza,Perfume,5,307.06,1535.3
1337,2025-07-02,Eletrônicos,Carregador,2,371.81,743.62
2404,2025-07-02,Eletrônicos,Carregador,3,274.21,822.63
2078,2025-07-02,Moda,Calça Jeans,3,196.2,588.6
1796,2025-07-03,Esporte,Garrafa Térmica,2,38.91,77.82
2129,2025-07-03,Eletrônicos,Caixa de Som,2,261.12,522.24
2228,2025-07-03,Eletrônicos,Carregador,1,132.92,132.92
1810,2025-07-03,Beleza,Perfume,2,251.88,503.76
1571,2025-07-03,Eletrônicos,Caixa de Som,2,113.66,227.32
2288,2025-07-03,Casa e Decoração,Vaso,4,46.49,185.96
1744,2025-07-04,Moda,Jaqueta,3,415.28,1245.84
2163,2025-07-04,Eletrônicos,Fone de Ouvido,3,174.95,524.85
1802,2025-07-04,Casa e Decoração,Tapete,1,65.6,65.6
1994,2025-07-04,Beleza,Shampoo,3,29.52,88.56
1530,2025-07-04,Casa e Decoração,Luminária,4,305.03,1220.12
2232,2025-07-04,Esporte,Bola,3,498.78,1496.34
1909,2025-07-04,Esporte,Luvas,4,443.14,1772.56
1031,2025-07-05,Casa e Decoração,Luminária,1,135.62,135.62
1917,2025-07-05,Beleza,Perfume,2,219.01,438.02
1133,2025-07-05,Esporte,Bola,4,104.55,418.2
2003,2025-07-05,Beleza,Batom,4,100.31,401.24
1825,2025-07-06,Eletrônicos,Smartwatch,4,179.35,717.4
1013,2025-07-06,Moda,Jaqueta,3,120.56,361.68
1218,2025-07-06,Moda,Camiseta,3,176.83,530.49
1637,2025-07-06,Esporte,Bola,2,466.96,933.92
1314,2025-07-06,Moda,Tênis,5,156.77,783.85
1220,2025-07-07,Beleza,Shampoo,2,143.35,286.7
1912,2025-07-07,Beleza,Perfume,5,140.76,703.8
1359,2025-07-07,Esporte,Garrafa Térmica,3,139.81,419.43
2497,2025-07-08,Casa e Decoração,Almofada,5,36.71,183.55
1126,2025-07-08,Moda,Camiseta,2,483.07,966.14
1605,2025-07-08,Casa e Decoração,Luminária,4,391.26,1565.04
1407,2025-07-08,Casa e Decoração,Almofada,4,300.18,1200.72
1908,2025-07-09,Moda,Camiseta,2,268.58,537.16
1717,2025-07-09,Esporte,Garrafa Térmica,2,233.97,467.94
1950,2025-07-09,Eletrônicos,Fone de Ouvido,4,466.73,1866.92
2356,2025-07-10,Casa e Decoração,Tapete,4,260.7,1042.8
1258,2025-07-10,Moda,Camiseta,5,479.18,2395.9
2368,2025-07-10,Casa e Decoração,Almofada,2,189.5,379.0
1736,2025-07-10,Eletrônicos,Carregador,3,169.26,507.78
1358,2025-07-10,Esporte,Tênis de Corrida,5,86.09,430.45
1256,2025-07-11,Moda,Tênis,1,63.79,63.79
1778,2025-07-11,Eletrônicos,Carregador,5,111.48,557.4
1204,2025-07-11,Esporte,Bola,2,274.96,549.92
1517,2025-07-12,Esporte,Bola,5,337.12,1685.6
1128,2025-07-12,Esporte,Bola,1,304.21,304.21
1648,2025-07-12,Casa e Decoração,Almofada,2,274.31,548.62
2451,2025-07-12,Esporte,Luvas,1,35.77,35.77
2073,2025-07-12,Beleza,Shampoo,3,481.59,1444.77
1191,2025-07-13,Esporte,Garrafa Térmica,2,490.77,981.54
1459,2025-07-13,Esporte,Tênis de Corrida,5,83.84,419.2
2136,2025-07-14,Casa e Decoração,Tapete,5,470.79,2353.95
2429,2025-07-14,Esporte,Bola,5,129.23,646.15
2164,2025-07-14,Eletrônicos,Caixa de Som,5,51.16,255.8
2221,2025-07-14,Casa e Decoração,Tapete,1,63.46,63.46
1121,2025-07-14,Casa e Decoração,Tapete,3,420.76,1262.28
1092,2025-07-14,Moda,Jaqueta,4,283.01,1132.04
1998,2025-07-15,Beleza,Shampoo,4,323.22,1292.88
2446,2025-07-15,Beleza,Shampoo,2,165.32,330.64
1206,2025-07-15,Beleza,Creme Facial,4,458.16,1832.64
1194,2025-07-15,Esporte,Bola,4,483.12,1932.48
1572,2025-07-16,Beleza,Batom,4,348.65,1394.6
1568,2025-07-16,Esporte,Bola,4,325.04,1300.16
1024,2025-07-17,Esporte,Luvas,5,140.68,703.4
1398,2025-07-17,Beleza,Batom,5,154.27,771.35
2330,2025-07-18,Casa e Decoração,Luminária,4,365.51,1462.04
2116,2025-07-18,Eletrônicos,Carregador,2,92.82,185.64
1722,2025-07-18,Beleza,Batom,5,349.79,1748.95
1682,2025-07-18,Casa e Decoração,Luminária,2,133.54,267.08
2465,2025-07-19,Casa e Decoração,Almofada,4,68.03,272.12
1563,2025-07-20,Beleza,Perfume,3,188.95,566.85
2359,2025-07-20,Moda,Jaqueta,1,72.5,72.5
1400,2025-07-21,Casa e Decoração,Vaso,5,470.7,2353.5
2089,2025-07-21,Moda,Calça Jeans,3,59.62,178.86
1831,2025-07-21,Moda,Tênis,2,364.06,728.12
1537,2025-07-21,Casa e Decoração,Almofada,5,115.9,579.5
1653,2025-07-21,Eletrônicos,Fone de Ouvido,4,337.97,1351.88
1655,2025-07-21,Casa e Decoração,Vaso,4,150.54,602.16
1885,2025-07-21,Beleza,Perfume,3,120.83,362.49
2117,2025-07-21,Moda,Camiseta,4,269.94,1079.76
2088,2025-07-21,Esporte,Tênis de Corrida,2,227.33,454.66
1323,2025-07-22,Beleza,Shampoo,2,205.36,410.72
1662,2025-07-22,Beleza,Perfume,3,144.88,434.64
1019,2025-07-22,Esporte,Bola,3,87.02,261.06
1724,2025-07-22,Eletrônicos,Smartwatch,1,475.64,475.64
1532,2025-07-22,Casa e Decoração,Tapete,3,231.31,693.93
1535,2025-07-23,Casa e Decoração,Vaso,4,484.53,1938.12
1483,2025-07-23,Moda,Jaqueta,3,202.72,608.16
2007,2025-07-23,Beleza,Perfume,1,145.98,145.98
1621,2025-07-23,Beleza,Shampoo,5,388.21,1941.05
1346,2025-07-24,Esporte,Luvas,3,487.39,1462.17
1083,2025-07-24,Beleza,Shampoo,1,75.36,75.36
1439,2025-07-25,Eletrônicos,Smartwatch,2,249.18,498.36
1467,2025-07-25,Esporte,Bola,5,124.29,621.45
1176,2025-07-25,Beleza,Perfume,4,62.27,249.08
1951,2025-07-25,Beleza,Shampoo,5,47.58,237.9
1396,2025-07-26,Casa e Decoração,Almofada,4,44.56,178.24
1820,2025-07-26,Moda,Camiseta,4,233.21,932.84
2440,2025-07-26,Eletrônicos,Smartwatch,4,368.1,1472.4
1785,2025-07-26,Eletrônicos,Smartwatch,2,369.04,738.08
1734,2025-07-26,Moda,Tênis,1,209.98,209.98
1761,2025-07-27,Esporte,Tênis de Corrida,5,359.87,1799.35
2346,2025-07-27,Moda,Jaqueta,4,357.87,1431.48
2230,2025-07-27,Esporte,Luvas,5,121.38,606.9
1557,2025-07-27,Moda,Calça Jeans,4,209.88,839.52
2220,2025-07-27,Eletrônicos,Fone de Ouvido,5,390.24,1951.2
1957,2025-07-27,Beleza,Creme Facial,5,27.38,136.9
1503,2025-07-27,Esporte,Bola,2,163.99,327.98
1740,2025-07-28,Esporte,Garrafa Térmica,1,267.33,267.33
2488,2025-07-28,Casa e Decoração,Almofada,4,472.72,1890.88
2434,2025-07-28,Casa e Decoração,Tapete,2,431.25,862.5
1197,2025-07-29,Moda,Camiseta,4,395.13,1580.52
1540,2025-07-29,Esporte,Bola,3,136.17,408.51
1646,2025-07-29,Eletrônicos,Smartwatch,5,186.28,931.4
2056,2025-07-29,Casa e Decoração,Almofada,1,271.14,271.14
1174,2025-07-29,Casa e Decoração,Vaso,1,431.71,431.71
1925,2025-07-30,Beleza,Creme Facial,5,413.82,2069.1
1413,2025-07-30,Beleza,Batom,1,358.77,358.77
1193,2025-07-30,Eletrônicos,Carregador,4,358.51,1434.04
2166,2025-07-31,Beleza,Creme Facial,2,313.79,627.58
1721,2025-07-31,Beleza,Creme Facial,5,49.27,246.35
2173,2025-08-01,Esporte,Tênis de Corrida,3,187.83,563.49
2063,2025-08-01,Casa e Decoração,Almofada,5,147.59,737.95
1573,2025-08-01,Esporte,Luvas,2,59.68,119.36
1188,2025-08-01,Casa e Decoração,Vaso,1,155.76,155.76
1219,2025-08-01,Moda,Calça Jeans,2,397.53,795.06
1381,2025-08-02,Beleza,Perfume,4,446.72,1786.88
1476,2025-08-02,Beleza,Creme Facial,4,136.57,546.28
1639,2025-08-02,Casa e Decoração,Vaso,1,294.34,294.34
1158,2025-08-02,Beleza,Creme Facial,5,202.58,1012.9
1790,2025-08-02,Esporte,Luvas,1,282.7,282.7
1473,2025-08-02,Esporte,Bola,3,200.7,602.1
1701,2025-08-03,Moda,Tênis,4,443.25,1773.0
1114,2025-08-03,Beleza,Creme Facial,4,125.32,501.28
1837,2025-08-03,Beleza,Creme Facial,3,210.98,632.94
1269,2025-08-03,Esporte,Garrafa Térmica,2,197.63,395.26
1112,2025-08-04,Esporte,Tênis de Corrida,5,202.58,1012.9
2463,2025-08-05,Beleza,Batom,3,29.79,89.37
1844,2025-08-05,Eletrônicos,Fone de Ouvido,1,202.82,202.82
2484,2025-08-05,Eletrônicos,Smartwatch,2,150.9,301.8
2022,2025-08-05,Moda,Jaqueta,3,331.26,993.78
1941,2025-08-05,Beleza,Shampoo,5,152.27,761.35
1622,2025-08-05,Esporte,Tênis de Corrida,5,278.07,1390.35
2095,2025-08-05,Casa e Decoração,Vaso,2,173.95,347.9
1578,2025-08-06,Eletrônicos,Smartwatch,3,439.91,1319.73
1272,2025-08-06,Esporte,Luvas,4,151.12,604.48
2203,2025-08-07,Esporte,Bola,5,447.81,2239.05
1351,2025-08-07,Moda,Tênis,3,234.62,703.86
2385,2025-08-07,Casa e Decoração,Tapete,3,25.85,77.55
2459,2025-08-08,Casa e Decoração,Vaso,4,188.61,754.44
1597,2025-08-08,Moda,Calça Jeans,3,96.31,288.93
2072,2025-08-09,Casa e Decoração,Luminária,5,281.9,1409.5
1278,2025-08-09,Moda,Calça Jeans,4,275.64,1102.56
2094,2025-08-09,Casa e Decoração,Almofada,1,342.44,342.44
1533,2025-08-09,Beleza,Creme Facial,3,173.92,521.76
2019,2025-08-09,Casa e Decoração,Luminária,1,283.14,283.14
1170,2025-08-10,Casa e Decoração,Vaso,1,63.84,63.84
1876,2025-08-10,Casa e Decoração,Almofada,4,343.18,1372.72
1727,2025-08-11,Moda,Calça Jeans,5,143.79,718.95
1085,2025-08-11,Casa e Decoração,Vaso,4,310.98,1243.92
2468,2025-08-12,Moda,Tênis,1,423.38,423.38
1692,2025-08-12,Esporte,Garrafa Térmica,2,359.45,718.9
2400,2025-08-12,Casa e Decoração,Tapete,1,199.14,199.14
2329,2025-08-12,Moda,Calça Jeans,5,238.4,1192.0
1115,2025-08-12,Esporte,Tênis de Corrida,4,181.34,725.36
1880,2025-08-13,Esporte,Luvas,1,247.51,247.51
1299,2025-08-13,Esporte,Bola,3,198.97,596.91
1553,2025-08-13,Esporte,Garrafa Térmica,1,164.13,164.13
1064,2025-08-13,Beleza,Shampoo,5,492.25,2461.25
2134,2025-08-13,Beleza,Batom,3,436.05,1308.15
1804,2025-08-13,Beleza,Shampoo,1,198.86,198.86
2028,2025-08-13,Eletrônicos,Smartwatch,1,92.33,92.33
1196,2025-08-14,Eletrônicos,Caixa de Som,1,366.77,366.77
1159,2025-08-15,Casa e Decoração,Tapete,3,292.94,878.82
2034,2025-08-15,Moda,Camiseta,2,241.2,482.4
2500,2025-08-15,Esporte,Tênis de Corrida,4,465.2,1860.8
1738,2025-08-15,Casa e Decoração,Vaso,4,310.39,1241.56
2378,2025-08-15,Casa e Decoração,Almofada,4,452.08,1808.32
1364,2025-08-16,Eletrônicos,Carregador,3,360.58,1081.74
2363,2025-08-16,Eletrônicos,Carregador,2,50.22,100.44
2325,2025-08-16,Beleza,Shampoo,4,115.4,461.6
1946,2025-08-17,Moda,Camiseta,2,264.0,528.0
2383,2025-08-17,Eletrônicos,Caixa de Som,2,255.42,510.84
2224,2025-08-17,Moda,Calça Jeans,3,163.87,491.61
2153,2025-08-17,Casa e Decoração,Luminária,1,451.3,451.3
1868,2025-08-17,Esporte,Tênis de Corrida,3,451.18,1353.54
1315,2025-08-18,Moda,Calça Jeans,3,483.49,1450.47
2263,2025-08-18,Esporte,Garrafa Térmica,5,347.78,1738.9
1523,2025-08-18,Beleza,Batom,1,32.61,32.61
1005,2025-08-18,Beleza,Shampoo,1,384.23,384.23
1725,2025-08-18,Moda,Calça Jeans,2,408.06,816.12
2074,2025-08-18,Esporte,Tênis de Corrida,1,491.82,491.82
2296,2025-08-19,Eletrônicos,Fone de Ouvido,3,46.91,140.73
2145,2025-08-19,Eletrônicos,Smartwatch,4,303.35,1213.4
2051,2025-08-19,Casa e Decoração,Vaso,5,196.21,981.05
1833,2025-08-19,Esporte,Bola,4,22.08,88.32
1516,2025-08-19,Esporte,Bola,3,285.46,856.38
2148,2025-08-19,Casa e Decoração,Almofada,5,359.49,1797.45
2223,2025-08-20,Beleza,Shampoo,4,315.47,1261.88
1848,2025-08-20,Eletrônicos,Smartwatch,5,206.67,1033.35
2143,2025-08-20,Eletrônicos,Fone de Ouvido,2,393.79,787.58
1051,2025-08-21,Casa e Decoração,Tapete,5,337.7,1688.5
1027,2025-08-21,Eletrônicos,Carregador,5,385.74,1928.7
2369,2025-08-22,Moda,Calça Jeans,5,156.92,784.6
2138,2025-08-22,Eletrônicos,Smartwatch,5,278.18,1390.9
1806,2025-08-22,Casa e Decoração,Tapete,4,403.95,1615.8
1552,2025-08-22,Moda,Tênis,3,248.56,745.68
1341,2025-08-23,Eletrônicos,Carregador,2,41.03,82.06
1436,2025-08-23,Casa e Decoração,Luminária,1,373.58,373.58
1564,2025-08-23,Beleza,Creme Facial,3,460.97,1382.91
2112,2025-08-23,Beleza,Perfume,1,138.75,138.75
2192,2025-08-24,Esporte,Tênis de Corrida,1,169.27,169.27
1754,2025-08-24,Casa e Decoração,Luminária,4,165.03,660.12
1454,2025-08-25,Casa e Decoração,Almofada,4,142.14,568.56
1119,2025-08-25,Moda,Camiseta,3,201.97,605.91
2180,2025-08-25,Esporte,Tênis de Corrida,5,163.68,818.4
1317,2025-08-25,Casa e Decoração,Tapete,5,273.18,1365.9
2337,2025-08-25,Casa e Decoração,Almofada,4,373.37,1493.48
1659,2025-08-26,Casa e Decoração,Almofada,1,95.66,95.66
1228,2025-08-26,Casa e Decoração,Tapete,1,87.09,87.09
2260,2025-08-26,Esporte,Luvas,3,248.61,745.83
1462,2025-08-26,Beleza,Batom,5,202.05,1010.25
1549,2025-08-26,Beleza,Creme Facial,3,498.9,1496.7
2219,2025-08-26,Casa e Decoração,Almofada,4,104.56,418.24
2396,2025-08-26,Moda,Camiseta,1,93.93,93.93
2448,2025-08-27,Moda,Jaqueta,4,255.32,1021.28
2333,2025-08-27,Esporte,Luvas,2,384.96,769.92
2351,2025-08-27,Beleza,Perfume,3,195.89,587.67
2477,2025-08-28,Casa e Decoração,Tapete,5,368.78,1843.9
1435,2025-08-28,Casa e Decoração,Luminária,1,178.73,178.73
2247,2025-08-29,Beleza,Shampoo,4,189.4,757.6
1122,2025-08-29,Eletrônicos,Fone de Ouvido,3,127.63,382.89
1316,2025-08-29,Moda,Jaqueta,5,492.53,2462.65
2032,2025-08-29,Moda,Calça Jeans,3,412.28,1236.84
2464,2025-08-29,Beleza,Perfume,3,201.31,603.93
1292,2025-08-29,Esporte,Garrafa Térmica,3,303.88,911.64
1619,2025-08-30,Eletrônicos,Fone de Ouvido,5,52.42,262.1
1186,2025-08-30,Moda,Tênis,5,89.43,447.15
1457,2025-08-30,Eletrônicos,Carregador,4,106.39,425.56
1326,2025-08-30,Moda,Tênis,4,315.37,1261.48
2165,2025-08-30,Moda,Camiseta,3,178.02,534.06
2202,2025-08-30,Eletrônicos,Fone de Ouvido,4,45.82,183.28
1791,2025-08-31,Moda,Calça Jeans,1,164.54,164.54
1747,2025-08-31,Beleza,Shampoo,3,98.49,295.47
2435,2025-09-01,Casa e Decoração,Luminária,1,499.39,499.39
2313,2025-09-01,Moda,Calça Jeans,2,327.12,654.24
1106,2025-09-01,Esporte,Garrafa Térmica,2,423.13,846.26
1930,2025-09-01,Beleza,Perfume,5,261.6,1308.0
2390,2025-09-01,Beleza,Shampoo,1,467.91,467.91
1723,2025-09-01,Beleza,Creme Facial,4,163.45,653.8
1936,2025-09-02,Moda,Camiseta,3,307.18,921.54
1777,2025-09-02,Esporte,Tênis de Corrida,1,276.22,276.22
1340,2025-09-03,Moda,Calça Jeans,1,363.7,363.7
1154,2025-09-03,Esporte,Garrafa Térmica,2,483.44,966.88
2341,2025-09-03,Eletrônicos,Caixa de Som,4,135.45,541.8
1370,2025-09-03,Beleza,Batom,4,415.2,1660.8
1757,2025-09-04,Eletrônicos,Carregador,3,327.49,982.47
1319,2025-09-04,Casa e Decoração,Almofada,5,428.56,2142.8
2179,2025-09-04,Moda,Tênis,5,450.05,2250.25
1221,2025-09-04,Casa e Decoração,Vaso,1,244.8,244.8
1934,2025-09-04,Esporte,Garrafa Térmica,5,406.22,2031.1
1809,2025-09-05,Beleza,Batom,2,313.44,626.88
1190,2025-09-05,Casa e Decoração,Vaso,5,386.18,1930.9
2418,2025-09-05,Esporte,Tênis de Corrida,2,71.75,143.5
2189,2025-09-05,Beleza,Creme Facial,2,183.26,366.52
2190,2025-09-05,Beleza,Shampoo,3,88.78,266.34
1550,2025-09-05,Eletrônicos,Carregador,4,461.86,1847.44
1944,2025-09-05,Casa e Decoração,Vaso,5,185.29,926.45
1049,2025-09-06,Esporte,Bola,4,453.17,1812.68
2324,2025-09-06,Beleza,Perfume,1,449.64,449.64
1677,2025-09-06,Casa e Decoração,Vaso,4,149.81,599.24
1200,2025-09-07,Beleza,Perfume,5,52.84,264.2
1052,2025-09-07,Moda,Calça Jeans,3,124.5,373.5
1811,2025-09-07,Eletrônicos,Caixa de Som,4,42.07,168.28
1746,2025-09-08,Beleza,Batom,2,481.05,962.1
1562,2025-09-08,Beleza,Shampoo,5,206.55,1032.75
1452,2025-09-08,Eletrônicos,Caixa de Som,1,237.65,237.65
1784,2025-09-08,Casa e Decoração,Luminária,2,475.08,950.16
1491,2025-09-08,Esporte,Luvas,2,371.73,743.46
2300,2025-09-08,Eletrônicos,Caixa de Som,5,41.98,209.9
2279,2025-09-09,Moda,Tênis,2,329.83,659.66
1737,2025-09-09,Eletrônicos,Smartwatch,2,164.23,328.46
2454,2025-09-09,Beleza,Batom,4,289.88,1159.52
2131,2025-09-09,Esporte,Bola,2,112.76,225.52
1153,2025-09-09,Eletrônicos,Fone de Ouvido,5,156.48,782.4
2436,2025-09-09,Eletrônicos,Caixa de Som,4,270.88,1083.52
2398,2025-09-09,Moda,Camiseta,1,387.06,387.06
1645,2025-09-10,Moda,Calça Jeans,2,23.06,46.12
2029,2025-09-10,Moda,Jaqueta,4,169.56,678.24
1976,2025-09-10,Beleza,Shampoo,4,107.78,431.12
2399,2025-09-10,Eletrônicos,Carregador,5,250.63,1253.15
1169,2025-09-10,Esporte,Tênis de Corrida,5,39.13,195.65
1593,2025-09-11,Casa e Decoração,Vaso,3,182.12,546.36
1394,2025-09-11,Beleza,Batom,3,277.61,832.83
1576,2025-09-11,Beleza,Perfume,5,74.82,374.1
2283,2025-09-12,Moda,Camiseta,1,339.01,339.01
2186,2025-09-12,Moda,Jaqueta,4,418.14,1672.56
1485,2025-09-12,Esporte,Tênis de Corrida,4,385.58,1542.32
1347,2025-09-12,Esporte,Garrafa Térmica,5,148.03,740.15
2170,2025-09-12,Beleza,Batom,4,407.83,1631.32
1392,2025-09-12,Eletrônicos,Fone de Ouvido,4,262.61,1050.44
2055,2025-09-12,Beleza,Creme Facial,5,155.9,779.5
1697,2025-09-12,Moda,Jaqueta,1,134.24,134.24
2444,2025-09-12,Moda,Calça Jeans,1,67.81,67.81
1797,2025-09-12,Moda,Tênis,3,132.56,397.68
2375,2025-09-13,Moda,Tênis,3,94.91,284.73
2030,2025-09-13,Casa e Decoração,Tapete,1,178.52,178.52
1331,2025-09-13,Beleza,Perfume,5,296.02,1480.1
1391,2025-09-13,Beleza,Batom,4,441.96,1767.84
1490,2025-09-13,Beleza,Shampoo,3,386.41,1159.23
2155,2025-09-13,Beleza,Perfume,5,443.7,2218.5
2091,2025-09-14,Esporte,Bola,2,250.84,501.68
2424,2025-09-14,Beleza,Creme Facial,5,293.71,1468.55
1297,2025-09-14,Moda,Camiseta,4,69.68,278.72
1444,2025-09-15,Casa e Decoração,Almofada,3,196.42,589.26
1450,2025-09-16,Moda,Calça Jeans,2,177.5,355.0
1929,2025-09-16,Esporte,Bola,5,66.22,331.1
1745,2025-09-16,Esporte,Tênis de Corrida,1,136.13,136.13
1105,2025-09-16,Esporte,Luvas,2,376.95,753.9
1860,2025-09-16,Moda,Tênis,5,277.78,1388.9
1496,2025-09-16,Esporte,Garrafa Térmica,1,316.56,316.56
2252,2025-09-16,Eletrônicos,Carregador,3,83.62,250.86
1028,2025-09-17,Eletrônicos,Carregador,5,312.31,1561.55
1835,2025-09-18,Moda,Calça Jeans,2,69.71,139.42
2212,2025-09-18,Eletrônicos,Caixa de Som,1,176.42,176.42
2237,2025-09-18,Esporte,Luvas,4,190.55,762.2
1849,2025-09-19,Casa e Decoração,Almofada,4,206.03,824.12
1567,2025-09-19,Esporte,Luvas,5,86.18,430.9
1977,2025-09-19,Casa e Decoração,Tapete,2,380.08,760.16
2149,2025-09-19,Beleza,Creme Facial,4,284.17,1136.68
1086,2025-09-19,Eletrônicos,Caixa de Som,5,111.24,556.2
1756,2025-09-19,Casa e Decoração,Vaso,3,348.52,1045.56
1273,2025-09-20,Eletrônicos,Carregador,4,73.23,292.92
1321,2025-09-20,Moda,Tênis,1,474.28,474.28
1453,2025-09-20,Esporte,Luvas,5,47.71,238.55
1387,2025-09-21,Beleza,Perfume,3,136.03,408.09
2285,2025-09-21,Esporte,Luvas,4,213.88,855.52
2475,2025-09-21,Esporte,Bola,1,321.37,321.37
1641,2025-09-22,Eletrônicos,Caixa de Som,1,440.96,440.96
2476,2025-09-22,Moda,Tênis,2,337.19,674.38
1414,2025-09-23,Moda,Jaqueta,4,272.23,1088.92
1179,2025-09-23,Casa e Decoração,Tapete,4,384.8,1539.2
2065,2025-09-23,Eletrônicos,Fone de Ouvido,2,275.2,550.4
1651,2025-09-24,Esporte,Garrafa Térmica,4,487.79,1951.16
1755,2025-09-24,Beleza,Batom,5,69.11,345.55
1451,2025-09-24,Esporte,Tênis de Corrida,2,364.12,728.24
1134,2025-09-25,Casa e Decoração,Tapete,4,229.08,916.32
2314,2025-09-25,Esporte,Luvas,2,470.28,940.56
1630,2025-09-25,Beleza,Shampoo,2,198.5,397.0
2336,2025-09-25,Esporte,Bola,5,247.27,1236.35
2122,2025-09-26,Moda,Tênis,2,334.99,669.98
1501,2025-09-26,Moda,Calça Jeans,2,317.49,634.98
2086,2025-09-26,Eletrônicos,Carregador,5,291.16,1455.8
1742,2025-09-26,Beleza,Perfume,2,112.53,225.06
2105,2025-09-27,Eletrônicos,Carregador,2,48.85,97.7
2256,2025-09-28,Eletrônicos,Carregador,1,484.33,484.33
2113,2025-09-29,Casa e Decoração,Vaso,4,208.83,835.32
1252,2025-09-29,Casa e Decoração,Tapete,5,310.6,1553.0
2366,2025-09-29,Beleza,Batom,4,165.96,663.84
1425,2025-09-29,Moda,Calça Jeans,1,68.1,68.1
1030,2025-09-29,Eletrônicos,Carregador,4,29.35,117.4
2261,2025-09-30,Moda,Tênis,4,247.8,991.2
2111,2025-09-30,Eletrônicos,Smartwatch,2,260.31,520.62
1033,2025-09-30,Moda,Calça Jeans,4,474.49,1897.96
2023,2025-09-30,Casa e Decoração,Tapete,2,429.67,859.34
1498,2025-09-30,Beleza,Batom,1,28.03,28.03
1406,2025-09-30,Esporte,Garrafa Térmica,4,411.56,1646.24
1881,2025-10-01,Moda,Calça Jeans,4,402.45,1609.8
1592,2025-10-01,Esporte,Bola,4,415.93,1663.72
2374,2025-10-01,Casa e Decoração,Almofada,1,214.19,214.19
1484,2025-10-01,Casa e Decoração,Vaso,3,192.63,577.89
2014,2025-10-01,Casa e Decoração,Vaso,4,279.04,1116.16
1877,2025-10-01,Eletrônicos,Fone de Ouvido,5,41.85,209.25
1009,2025-10-02,Eletrônicos,Caixa de Som,1,284.98,284.98
2469,2025-10-02,Moda,Jaqueta,3,42.82,128.46
1224,2025-10-02,Eletrônicos,Caixa de Som,3,342.96,1028.88
1544,2025-10-02,Beleza,Perfume,1,389.1,389.1
1447,2025-10-03,Moda,Calça Jeans,5,439.1,2195.5
1870,2025-10-03,Beleza,Perfume,1,121.18,121.18
1088,2025-10-03,Moda,Jaqueta,4,53.59,214.36
1575,2025-10-03,Casa e Decoração,Luminária,4,291.51,1166.04
1230,2025-10-03,Moda,Tênis,4,198.09,792.36
1474,2025-10-03,Esporte,Bola,2,164.35,328.7
1710,2025-10-04,Casa e Decoração,Vaso,3,134.02,402.06
1109,2025-10-04,Eletrônicos,Smartwatch,2,131.01,262.02
2295,2025-10-04,Casa e Decoração,Tapete,5,483.18,2415.9
2245,2025-10-04,Beleza,Shampoo,5,45.33,226.65
1932,2025-10-04,Eletrônicos,Caixa de Som,5,221.93,1109.65
1311,2025-10-04,Beleza,Perfume,3,440.67,1322.01
1048,2025-10-04,Eletrônicos,Fone de Ouvido,2,99.83,199.66
1902,2025-10-04,Esporte,Bola,3,208.4,625.2
1975,2025-10-05,Eletrônicos,Caixa de Som,3,317.92,953.76
1493,2025-10-05,Eletrônicos,Fone de Ouvido,1,473.69,473.69
2120,2025-10-05,Moda,Calça Jeans,2,298.89,597.78
1937,2025-10-06,Esporte,Garrafa Térmica,2,22.63,45.26
1434,2025-10-06,Beleza,Batom,2,428.51,857.02
1335,2025-10-06,Beleza,Perfume,4,439.2,1756.8
1676,2025-10-06,Eletrônicos,Caixa de Som,3,250.25,750.75
1577,2025-10-06,Casa e Decoração,Almofada,4,282.25,1129.0
1343,2025-10-06,Esporte,Garrafa Térmica,1,381.58,381.58
2376,2025-10-07,Beleza,Shampoo,3,247.48,742.44
1538,2025-10-07,Moda,Camiseta,4,472.63,1890.52
1882,2025-10-07,Casa e Decoração,Luminária,3,345.1,1035.3
1382,2025-10-07,Casa e Decoração,Vaso,4,137.54,550.16
1339,2025-10-07,Casa e Decoração,Luminária,4,490.79,1963.16
1328,2025-10-08,Beleza,Batom,1,392.56,392.56
2012,2025-10-08,Esporte,Bola,5,104.98,524.9
2199,2025-10-09,Casa e Decoração,Vaso,2,472.77,945.54
1674,2025-10-09,Esporte,Tênis de Corrida,1,154.29,154.29
1664,2025-10-09,Moda,Camiseta,4,68.92,275.68
1365,2025-10-09,Beleza,Shampoo,3,428.65,1285.95
1427,2025-10-09,Moda,Tênis,4,249.18,996.72
1889,2025-10-09,Eletrônicos,Carregador,1,140.33,140.33
2071,2025-10-09,Casa e Decoração,Vaso,4,386.81,1547.24
2037,2025-10-09,Beleza,Perfume,3,250.99,752.97
1369,2025-10-10,Moda,Camiseta,1,168.46,168.46
1183,2025-10-10,Esporte,Tênis de Corrida,2,496.28,992.56
1373,2025-10-10,Beleza,Creme Facial,2,227.66,455.32
1505,2025-10-10,Esporte,Tênis de Corrida,1,357.37,357.37
2309,2025-10-11,Moda,Tênis,2,464.32,928.64
1025,2025-10-11,Eletrônicos,Fone de Ouvido,5,380.42,1902.1
1368,2025-10-11,Beleza,Shampoo,4,405.76,1623.04
1038,2025-10-11,Moda,Calça Jeans,1,54.08,54.08
1239,2025-10-11,Moda,Calça Jeans,2,177.71,355.42
1988,2025-10-12,Esporte,Luvas,2,90.0,180.0
1816,2025-10-13,Beleza,Perfume,1,328.83,328.83
1943,2025-10-13,Esporte,Bola,3,288.37,865.11
2452,2025-10-13,Casa e Decoração,Luminária,4,226.73,906.92
2342,2025-10-13,Eletrônicos,Caixa de Som,2,83.7,167.4
1548,2025-10-13,Beleza,Creme Facial,4,199.58,798.32
1223,2025-10-13,Casa e Decoração,Almofada,4,26.68,106.72
1104,2025-10-14,Beleza,Shampoo,4,314.07,1256.28
1959,2025-10-14,Beleza,Shampoo,3,482.38,1447.14
1991,2025-10-15,Beleza,Perfume,4,67.51,270.04
1259,2025-10-15,Casa e Decoração,Almofada,4,189.73,758.92
1361,2025-10-15,Eletrônicos,Carregador,3,357.94,1073.82
1227,2025-10-15,Casa e Decoração,Luminária,1,324.99,324.99
1693,2025-10-15,Beleza,Shampoo,2,339.46,678.92
1020,2025-10-15,Beleza,Shampoo,5,225.65,1128.25
1397,2025-10-15,Moda,Jaqueta,5,158.53,792.65
1072,2025-10-15,Eletrônicos,Fone de Ouvido,1,473.62,473.62
1684,2025-10-16,Moda,Calça Jeans,4,280.22,1120.88
1487,2025-10-16,Moda,Calça Jeans,1,145.17,145.17
1157,2025-10-16,Casa e Decoração,Almofada,2,76.86,153.72
1290,2025-10-16,Beleza,Batom,5,328.64,1643.2
1058,2025-10-17,Beleza,Shampoo,3,118.04,354.12
1205,2025-10-17,Moda,Calça Jeans,2,57.9,115.8
2123,2025-10-17,Moda,Jaqueta,1,287.52,287.52
2393,2025-10-18,Moda,Calça Jeans,2,419.5,839.0
1032,2025-10-18,Eletrônicos,Fone de Ouvido,4,411.69,1646.76
1137,2025-10-19,Beleza,Batom,3,33.78,101.34
1618,2025-10-19,Esporte,Garrafa Térmica,5,347.81,1739.05
1772,2025-10-19,Esporte,Bola,3,433.95,1301.85
2177,2025-10-19,Beleza,Perfume,2,113.13,226.26
1762,2025-10-20,Moda,Jaqueta,2,349.43,698.86
2000,2025-10-20,Esporte,Tênis de Corrida,1,97.76,97.76
2184,2025-10-20,Beleza,Batom,2,305.69,611.38
2137,2025-10-20,Beleza,Perfume,5,72.47,362.35
1212,2025-10-20,Casa e Decoração,Vaso,3,30.53,91.59
2059,2025-10-20,Esporte,Luvas,5,319.51,1597.55
2090,2025-10-20,Eletrônicos,Caixa de Som,3,60.84,182.52
2470,2025-10-21,Esporte,Bola,5,376.59,1882.95
1670,2025-10-21,Esporte,Luvas,4,34.15,136.6
1821,2025-10-21,Esporte,Tênis de Corrida,4,234.59,938.36
1971,2025-10-21,Casa e Decoração,Luminária,2,259.52,519.04
1987,2025-10-22,Moda,Camiseta,3,405.96,1217.88
1469,2025-10-22,Casa e Decoração,Vaso,2,164.85,329.7
2306,2025-10-22,Beleza,Creme Facial,3,421.49,1264.47
1961,2025-10-22,Eletrônicos,Carregador,2,215.42,430.84
2401,2025-10-22,Eletrônicos,Carregador,2,299.19,598.38
1964,2025-10-22,Casa e Decoração,Tapete,4,290.32,1161.28
2240,2025-10-23,Casa e Decoração,Almofada,1,292.71,292.71
1594,2025-10-23,Moda,Tênis,3,449.19,1347.57
2068,2025-10-23,Casa e Decoração,Tapete,4,443.76,1775.04
1703,2025-10-23,Moda,Calça Jeans,4,55.38,221.52
2335,2025-10-23,Beleza,Creme Facial,1,217.61,217.61
1813,2025-10-23,Beleza,Creme Facial,3,269.17,807.51
1633,2025-10-23,Eletrônicos,Caixa de Som,4,265.18,1060.72
2408,2025-10-24,Casa e Decoração,Luminária,1,85.74,85.74
1409,2025-10-24,Beleza,Creme Facial,1,300.09,300.09
1094,2025-10-24,Beleza,Shampoo,4,232.06,928.24
2299,2025-10-24,Moda,Camiseta,1,373.02,373.02
2250,2025-10-24,Moda,Camiseta,3,408.27,1224.81
1021,2025-10-26,Esporte,Garrafa Térmica,2,498.72,997.44
2079,2025-10-26,Moda,Calça Jeans,3,409.32,1227.96
1843,2025-10-26,Beleza,Batom,5,157.25,786.25
2226,2025-10-26,Eletrônicos,Caixa de Som,2,429.2,858.4
1488,2025-10-27,Beleza,Batom,3,93.16,279.48
2492,2025-10-27,Esporte,Bola,4,124.64,498.56
1680,2025-10-27,Moda,Calça Jeans,1,138.97,138.97
1173,2025-10-27,Esporte,Luvas,1,245.6,245.6
1054,2025-10-27,Esporte,Bola,1,481.17,481.17
1480,2025-10-28,Beleza,Creme Facial,4,120.27,481.08
2389,2025-10-28,Beleza,Perfume,2,119.74,239.48
1903,2025-10-29,Casa e Decoração,Luminária,4,260.54,1042.16
1581,2025-10-29,Casa e Decoração,Tapete,2,315.75,631.5
1781,2025-10-29,Casa e Decoração,Luminária,1,415.45,415.45
1610,2025-10-29,Esporte,Garrafa Térmica,4,170.96,683.84
2214,2025-10-30,Esporte,Bola,5,136.97,684.85
1919,2025-10-30,Moda,Tênis,1,136.96,136.96
2060,2025-10-30,Casa e Decoração,Almofada,3,125.95,377.85
2391,2025-10-30,Esporte,Tênis de Corrida,1,216.54,216.54
2456,2025-10-30,Esporte,Garrafa Térmica,3,173.83,521.49
1565,2025-10-30,Eletrônicos,Smartwatch,3,76.57,229.71
2303,2025-10-30,Eletrônicos,Fone de Ouvido,1,258.63,258.63
2339,2025-10-30,Moda,Camiseta,4,490.49,1961.96
1378,2025-10-31,Beleza,Creme Facial,2,336.19,672.38
1135,2025-10-31,Casa e Decoração,Vaso,2,418.75,837.5
2461,2025-10-31,Eletrônicos,Fone de Ouvido,3,74.95,224.85
1057,2025-11-01,Eletrônicos,Fone de Ouvido,4,335.54,1342.16
2096,2025-11-01,Eletrônicos,Carregador,2,494.07,988.14
1515,2025-11-01,Esporte,Garrafa Térmica,1,324.38,324.38
1163,2025-11-01,Esporte,Garrafa Térmica,1,131.11,131.11
2257,2025-11-01,Moda,Tênis,4,389.78,1559.12
2013,2025-11-02,Esporte,Luvas,5,327.1,1635.5
2249,2025-11-02,Casa e Decoração,Vaso,1,322.06,322.06
2075,2025-11-02,Eletrônicos,Smartwatch,3,23.15,69.45
2414,2025-11-02,Beleza,Shampoo,2,360.75,721.5
1237,2025-11-02,Eletrônicos,Fone de Ouvido,3,136.91,410.73
1954,2025-11-03,Beleza,Creme Facial,5,101.35,506.75
1542,2025-11-03,Esporte,Luvas,5,263.17,1315.85
2406,2025-11-03,Moda,Jaqueta,3,416.87,1250.61
2050,2025-11-03,Beleza,Creme Facial,1,274.95,274.95
1752,2025-11-04,Eletrônicos,Smartwatch,3,312.01,936.03
1949,2025-11-04,Esporte,Tênis de Corrida,1,146.28,146.28
1130,2025-11-04,Eletrônicos,Fone de Ouvido,3,275.72,827.16
1612,2025-11-04,Beleza,Shampoo,1,426.99,426.99
1686,2025-11-05,Moda,Camiseta,5,249.43,1247.15
1839,2025-11-05,Beleza,Shampoo,5,433.14,2165.7
2384,2025-11-05,Beleza,Perfume,3,210.83,632.49
1696,2025-11-05,Casa e Decoração,Luminária,5,69.97,349.85
2130,2025-11-06,Esporte,Garrafa Térmica,2,429.02,858.04
2168,2025-11-06,Casa e Decoração,Tapete,5,426.94,2134.7
2254,2025-11-06,Moda,Calça Jeans,4,197.49,789.96
1379,2025-11-06,Casa e Decoração,Almofada,1,58.99,58.99
2002,2025-11-06,Esporte,Garrafa Térmica,4,394.87,1579.48
1446,2025-11-07,Casa e Decoração,Tapete,5,458.14,2290.7
1924,2025-11-07,Esporte,Luvas,2,125.29,250.58
1795,2025-11-08,Moda,Jaqueta,5,487.1,2435.5
1182,2025-11-08,Moda,Calça Jeans,3,284.4,853.2
1607,2025-11-09,Moda,Tênis,3,366.77,1100.31
2315,2025-11-09,Eletrônicos,Smartwatch,4,313.78,1255.12
2171,2025-11-09,Moda,Jaqueta,2,20.76,41.52
1830,2025-11-09,Moda,Calça Jeans,1,466.5,466.5
1984,2025-11-10,Casa e Decoração,Vaso,2,259.41,518.82
2142,2025-11-10,Eletrônicos,Smartwatch,4,418.35,1673.4
2201,2025-11-10,Casa e Decoração,Tapete,1,82.44,82.44
1558,2025-11-11,Moda,Tênis,5,226.19,1130.95
1707,2025-11-11,Esporte,Tênis de Corrida,4,472.37,1889.48
2097,2025-11-12,Esporte,Bola,4,41.54,166.16
2093,2025-11-12,Beleza,Creme Facial,2,54.39,108.78
2304,2025-11-12,Moda,Camiseta,2,224.58,449.16
1824,2025-11-13,Casa e Decoração,Luminária,4,476.17,1904.68
2025,2025-11-13,Esporte,Garrafa Térmica,5,256.16,1280.8
1312,2025-11-13,Moda,Tênis,2,97.88,195.76
2318,2025-11-13,Casa e Decoração,Luminária,4,389.76,1559.04
2043,2025-11-13,Casa e Decoração,Almofada,1,190.65,190.65
2380,2025-11-13,Moda,Tênis,3,64.39,193.17
1271,2025-11-13,Eletrônicos,Fone de Ouvido,3,232.69,698.07
1863,2025-11-13,Beleza,Batom,5,415.37,2076.85
1216,2025-11-14,Casa e Decoração,Luminária,1,453.63,453.63
2053,2025-11-14,Casa e Decoração,Luminária,3,366.08,1098.24
1826,2025-11-14,Beleza,Batom,3,363.64,1090.92
1769,2025-11-14,Eletrônicos,Caixa de Som,2,260.23,520.46
1117,2025-11-15,Beleza,Perfume,4,304.11,1216.44
2198,2025-11-15,Beleza,Perfume,2,280.41,560.82
1264,2025-11-15,Beleza,Perfume,5,465.96,2329.8
1730,2025-11-16,Beleza,Batom,1,218.93,218.93
1291,2025-11-16,Casa e Decoração,Vaso,2,231.09,462.18
2251,2025-11-16,Eletrônicos,Carregador,4,59.6,238.4
2447,2025-11-16,Eletrônicos,Fone de Ouvido,5,388.43,1942.15
1399,2025-11-16,Beleza,Perfume,2,488.04,976.08
1251,2025-11-16,Beleza,Shampoo,4,497.42,1989.68
1899,2025-11-17,Eletrônicos,Fone de Ouvido,1,427.8,427.8
1713,2025-11-17,Beleza,Batom,2,66.55,133.1
1377,2025-11-17,Casa e Decoração,Almofada,5,327.67,1638.35
1129,2025-11-18,Moda,Camiseta,3,428.14,1284.42
1010,2025-11-18,Beleza,Shampoo,5,112.3,561.5
1338,2025-11-18,Eletrônicos,Carregador,2,41.28,82.56
1608,2025-11-18,Moda,Tênis,5,349.55,1747.75
1667,2025-11-19,Eletrônicos,Carregador,1,30.46,30.46
2204,2025-11-19,Esporte,Garrafa Térmica,3,179.52,538.56
1495,2025-11-19,Moda,Camiseta,2,24.39,48.78
1871,2025-11-19,Moda,Tênis,1,118.68,118.68
1993,2025-11-19,Eletrônicos,Caixa de Som,3,144.69,434.07
2331,2025-11-20,Casa e Decoração,Vaso,2,181.23,362.46
1201,2025-11-20,Casa e Decoração,Luminária,1,228.31,228.31
1039,2025-11-20,Eletrônicos,Smartwatch,1,454.6,454.6
2293,2025-11-20,Esporte,Bola,2,37.14,74.28
1900,2025-11-20,Eletrônicos,Caixa de Som,5,122.13,610.65
1588,2025-11-20,Casa e Decoração,Tapete,4,236.96,947.84
1268,2025-11-21,Eletrônicos,Fone de Ouvido,5,123.26,616.3
1520,2025-11-21,Moda,Tênis,3,193.14,579.42
1967,2025-11-21,Moda,Calça Jeans,3,217.96,653.88
1589,2025-11-21,Eletrônicos,Caixa de Som,5,379.91,1899.55
1828,2025-11-21,Casa e Decoração,Vaso,1,41.97,41.97
1948,2025-11-22,Eletrônicos,Fone de Ouvido,2,246.4,492.8
1763,2025-11-23,Esporte,Garrafa Térmica,5,164.09,820.45
1923,2025-11-23,Eletrônicos,Carregador,1,123.96,123.96
2126,2025-11-23,Casa e Decoração,Luminária,2,71.25,142.5
1616,2025-11-23,Beleza,Perfume,5,446.59,2232.95
2174,2025-11-23,Moda,Camiseta,2,351.21,702.42
1001,2025-11-24,Eletrônicos,Fone de Ouvido,3,137.55,412.65
1282,2025-11-24,Esporte,Garrafa Térmica,1,214.42,214.42
1330,2025-11-24,Beleza,Batom,1,73.21,73.21
1016,2025-11-24,Beleza,Creme Facial,3,424.57,1273.71
1438,2025-11-24,Esporte,Luvas,5,177.4,887.0
1865,2025-11-25,Beleza,Creme Facial,1,347.62,347.62
1026,2025-11-25,Casa e Decoração,Almofada,3,228.69,686.07
1380,2025-11-25,Beleza,Shampoo,2,388.14,776.28
1916,2025-11-26,Casa e Decoração,Luminária,2,109.71,219.42
1800,2025-11-26,Moda,Tênis,3,146.78,440.34
2207,2025-11-26,Esporte,Luvas,2,474.78,949.56
1356,2025-11-27,Casa e Decoração,Vaso,4,475.74,1902.96
2481,2025-11-27,Moda,Jaqueta,5,133.34,666.7
1235,2025-11-27,Casa e Decoração,Almofada,4,152.42,609.68
1060,2025-11-27,Casa e Decoração,Tapete,3,465.93,1397.79
2021,2025-11-27,Esporte,Luvas,2,146.23,292.46
1546,2025-11-27,Esporte,Garrafa Térmica,4,70.85,283.4
1217,2025-11-27,Eletrônicos,Carregador,4,36.01,144.04
2352,2025-11-28,Beleza,Perfume,5,360.48,1802.4
1883,2025-11-28,Casa e Decoração,Almofada,5,439.89,2199.45
2289,2025-11-28,Eletrônicos,Carregador,5,429.6,2148.0
1864,2025-11-29,Eletrônicos,Fone de Ouvido,3,233.92,701.76
1807,2025-11-29,Moda,Camiseta,2,354.16,708.32
1996,2025-11-29,Beleza,Creme Facial,3,190.45,571.35
1036,2025-11-29,Casa e Decoração,Tapete,5,236.71,1183.55
2213,2025-11-29,Eletrônicos,Carregador,5,241.27,1206.35
2109,2025-11-29,Esporte,Bola,4,264.1,1056.4
1625,2025-11-29,Eletrônicos,Carregador,4,370.38,1481.52
2354,2025-11-29,Esporte,Bola,2,173.82,347.64
2265,2025-11-30,Casa e Decoração,Vaso,3,148.2,444.6
1065,2025-12-01,Beleza,Perfume,5,163.7,818.5
1939,2025-12-02,Moda,Jaqueta,4,193.89,775.56
2365,2025-12-02,Casa e Decoração,Tapete,5,339.61,1698.05
1733,2025-12-02,Esporte,Luvas,1,102.66,102.66
1101,2025-12-02,Eletrônicos,Fone de Ouvido,4,125.04,500.16
1289,2025-12-02,Eletrônicos,Smartwatch,4,242.7,970.8
1303,2025-12-03,Beleza,Creme Facial,3,59.12,177.36
1836,2025-12-03,Beleza,Shampoo,5,443.07,2215.35
1628,2025-12-03,Moda,Camiseta,1,359.79,359.79
2274,2025-12-03,Beleza,Creme Facial,1,353.91,353.91
1545,2025-12-03,Casa e Decoração,Luminária,5,41.26,206.3
1953,2025-12-03,Beleza,Shampoo,2,36.13,72.26
1893,2025-12-04,Casa e Decoração,Luminária,5,292.09,1460.45
1613,2025-12-04,Casa e Decoração,Luminária,5,311.32,1556.6
2319,2025-12-04,Moda,Jaqueta,1,112.99,112.99
1247,2025-12-04,Beleza,Shampoo,4,328.8,1315.2
1541,2025-12-04,Moda,Tênis,4,55.5,222.0
2419,2025-12-04,Beleza,Perfume,4,77.08,308.32
1043,2025-12-04,Esporte,Garrafa Térmica,4,217.33,869.32
2108,2025-12-04,Casa e Decoração,Almofada,1,160.4,160.4
1213,2025-12-04,Esporte,Garrafa Térmica,1,291.65,291.65
2054,2025-12-04,Beleza,Batom,2,271.55,543.1
1131,2025-12-05,Casa e Decoração,Almofada,5,330.82,1654.1
1792,2025-12-05,Eletrônicos,Carregador,5,310.7,1553.5
1716,2025-12-05,Casa e Decoração,Almofada,5,206.01,1030.05
1789,2025-12-05,Eletrônicos,Fone de Ouvido,1,351.08,351.08
2460,2025-12-05,Moda,Calça Jeans,2,331.08,662.16
1304,2025-12-06,Moda,Jaqueta,3,484.49,1453.47
2498,2025-12-06,Eletrônicos,Smartwatch,3,285.31,855.93
1066,2025-12-06,Eletrônicos,Smartwatch,3,75.41,226.23
1118,2025-12-06,Eletrônicos,Fone de Ouvido,4,85.14,340.56
1089,2025-12-07,Casa e Decoração,Vaso,1,365.48,365.48
1260,2025-12-07,Esporte,Tênis de Corrida,3,308.2,924.6
1599,2025-12-07,Moda,Camiseta,4,320.29,1281.16
2442,2025-12-08,Beleza,Batom,4,265.48,1061.92
2160,2025-12-08,Beleza,Shampoo,3,461.78,1385.34
2298,2025-12-08,Beleza,Batom,5,91.5,457.5
1497,2025-12-08,Beleza,Batom,4,27.55,110.2
2467,2025-12-08,Casa e Decoração,Luminária,5,163.77,818.85
1208,2025-12-08,Eletrônicos,Caixa de Som,3,345.25,1035.75
1720,2025-12-08,Eletrônicos,Fone de Ouvido,3,407.93,1223.79
1125,2025-12-09,Eletrônicos,Smartwatch,4,355.74,1422.96
1494,2025-12-09,Eletrônicos,Fone de Ouvido,4,86.0,344.0
2233,2025-12-10,Moda,Calça Jeans,1,54.44,54.44
1888,2025-12-10,Beleza,Perfume,5,241.41,1207.05
1891,2025-12-10,Moda,Camiseta,3,317.37,952.11
1307,2025-12-10,Beleza,Perfume,4,264.07,1056.28
1997,2025-12-11,Beleza,Batom,4,447.02,1788.08
1225,2025-12-11,Casa e Decoração,Tapete,3,72.01,216.03
2358,2025-12-11,Eletrônicos,Smartwatch,4,61.91,247.64
1479,2025-12-11,Beleza,Perfume,1,110.32,110.32
1171,2025-12-12,Beleza,Perfume,3,296.6,889.8
1095,2025-12-12,Moda,Tênis,2,336.25,672.5
2350,2025-12-12,Casa e Decoração,Almofada,1,203.82,203.82
2466,2025-12-12,Moda,Jaqueta,4,261.33,1045.32
1199,2025-12-12,Beleza,Batom,3,320.86,962.58
2326,2025-12-13,Casa e Decoração,Luminária,1,176.54,176.54
1555,2025-12-13,Moda,Calça Jeans,5,103.74,518.7
1779,2025-12-13,Eletrônicos,Smartwatch,2,352.89,705.78
2437,2025-12-13,Eletrônicos,Fone de Ouvido,2,209.51,419.02
1420,2025-12-13,Beleza,Batom,4,412.82,1651.28
1750,2025-12-13,Moda,Jaqueta,4,266.37,1065.48
1355,2025-12-14,Esporte,Tênis de Corrida,2,52.27,104.54
1116,2025-12-14,Esporte,Bola,4,461.38,1845.52
1354,2025-12-14,Moda,Camiseta,2,427.36,854.72
1302,2025-12-14,Esporte,Garrafa Térmica,3,367.39,1102.17
1274,2025-12-14,Beleza,Batom,5,340.22,1701.1
2305,2025-12-14,Esporte,Garrafa Térmica,1,488.41,488.41
2118,2025-12-14,Beleza,Creme Facial,4,135.37,541.48
2225,2025-12-14,Casa e Decoração,Tapete,3,495.34,1486.02
1585,2025-12-14,Eletrônicos,Smartwatch,4,461.01,1844.04
2181,2025-12-14,Casa e Decoração,Almofada,2,297.15,594.3
1942,2025-12-15,Esporte,Bola,4,285.01,1140.04
1770,2025-12-15,Esporte,Garrafa Térmica,4,45.95,183.8
1372,2025-12-15,Beleza,Shampoo,2,441.42,882.84
2362,2025-12-16,Beleza,Creme Facial,4,186.42,745.68
1751,2025-12-16,Eletrônicos,Caixa de Som,2,330.74,661.48
1671,2025-12-16,Esporte,Bola,3,123.06,369.18
2496,2025-12-16,Moda,Jaqueta,2,194.24,388.48
1850,2025-12-17,Casa e Decoração,Almofada,1,376.96,376.96
1527,2025-12-17,Esporte,Bola,2,149.08,298.16
2121,2025-12-17,Moda,Calça Jeans,3,350.5,1051.5
2407,2025-12-17,Casa e Decoração,Vaso,3,66.0,198.0
1383,2025-12-17,Esporte,Garrafa Térmica,4,55.03,220.12
1214,2025-12-18,Eletrônicos,Caixa de Som,3,392.36,1177.08
1660,2025-12-18,Casa e Decoração,Almofada,2,421.24,842.48
2018,2025-12-19,Esporte,Luvas,3,24.38,73.14
1408,2025-12-19,Eletrônicos,Caixa de Som,3,484.19,1452.57
2287,2025-12-19,Esporte,Tênis de Corrida,5,276.95,1384.75
1814,2025-12-19,Beleza,Perfume,4,337.62,1350.48
1168,2025-12-19,Casa e Decoração,Tapete,3,260.23,780.69
1981,2025-12-19,Eletrônicos,Fone de Ouvido,2,202.13,404.26
2082,2025-12-20,Beleza,Perfume,5,328.28,1641.4
1847,2025-12-20,Casa e Decoração,Luminária,5,35.51,177.55
1148,2025-12-20,Moda,Calça Jeans,2,374.53,749.06
1073,2025-12-20,Moda,Camiseta,3,299.6,898.8
1035,2025-12-20,Moda,Jaqueta,4,497.67,1990.68
2268,2025-12-20,Moda,Jaqueta,5,25.08,125.4
2077,2025-12-20,Casa e Decoração,Luminária,1,38.11,38.11
2242,2025-12-20,Eletrônicos,Smartwatch,5,492.12,2460.6
1508,2025-12-21,Beleza,Batom,3,42.35,127.05
1543,2025-12-21,Esporte,Tênis de Corrida,3,356.78,1070.34
1313,2025-12-21,Beleza,Creme Facial,4,40.97,163.88
2147,2025-12-21,Moda,Camiseta,1,74.8,74.8
1590,2025-12-22,Casa e Decoração,Tapete,4,177.1,708.4
1842,2025-12-22,Casa e Decoração,Almofada,3,289.89,869.67
1265,2025-12-22,Casa e Decoração,Almofada,2,151.17,302.34
1534,2025-12-22,Moda,Tênis,3,105.27,315.81
1110,2025-12-22,Moda,Calça Jeans,1,219.14,219.14
1569,2025-12-22,Moda,Calça Jeans,4,158.64,634.56
1647,2025-12-22,Eletrônicos,Carregador,1,384.29,384.29
2216,2025-12-22,Beleza,Batom,4,292.26,1169.04
2438,2025-12-22,Beleza,Perfume,2,51.06,102.12
2144,2025-12-23,Beleza,Creme Facial,4,218.51,874.04
1102,2025-12-23,Beleza,Batom,1,287.55,287.55
1100,2025-12-23,Esporte,Luvas,4,137.11,548.44
2048,2025-12-23,Esporte,Bola,5,109.58,547.9
1091,2025-12-23,Casa e Decoração,Luminária,2,221.81,443.62
1935,2025-12-23,Beleza,Perfume,4,84.26,337.04
1231,2025-12-23,Beleza,Batom,5,376.29,1881.45
2236,2025-12-23,Beleza,Batom,5,106.3,531.5
1181,2025-12-24,Esporte,Tênis de Corrida,1,487.11,487.11
1305,2025-12-24,Esporte,Bola,5,360.24,1801.2
1500,2025-12-24,Esporte,Bola,1,460.66,460.66
2495,2025-12-25,Eletrônicos,Carregador,5,223.42,1117.1
2209,2025-12-25,Casa e Decoração,Vaso,4,254.0,1016.0
2005,2025-12-25,Eletrônicos,Smartwatch,2,210.58,421.16
1600,2025-12-25,Moda,Tênis,1,357.78,357.78
1456,2025-12-25,Eletrônicos,Fone de Ouvido,1,493.35,493.35
2301,2025-12-26,Moda,Camiseta,2,323.68,647.36
1872,2025-12-26,Esporte,Tênis de Corrida,2,31.4,62.8
1079,2025-12-26,Eletrônicos,Caixa de Som,1,432.12,432.12
2229,2025-12-26,Beleza,Batom,3,361.65,1084.95
1629,2025-12-26,Eletrônicos,Smartwatch,4,477.45,1909.8
1689,2025-12-27,Moda,Camiseta,5,433.12,2165.6
1958,2025-12-27,Eletrônicos,Fone de Ouvido,5,156.56,782.8
1852,2025-12-27,Casa e Decoração,Luminária,2,161.21,322.42
2241,2025-12-27,Casa e Decoração,Almofada,5,251.14,1255.7
1164,2025-12-28,Casa e Decoração,Tapete,1,349.94,349.94
1945,2025-12-28,Esporte,Bola,1,378.95,378.95
1475,2025-12-29,Moda,Tênis,1,289.95,289.95
2273,2025-12-29,Eletrônicos,Fone de Ouvido,5,82.36,411.8
1151,2025-12-29,Beleza,Creme Facial,3,41.85,125.55
2110,2025-12-30,Eletrônicos,Carregador,4,436.05,1744.2
1554,2025-12-30,Eletrônicos,Fone de Ouvido,3,331.03,993.09
2146,2025-12-31,Moda,Tênis,1,140.04,140.04
1840,2025-12-31,Beleza,Creme Facial,2,120.66,241.32
1511,2025-12-31,Esporte,Tênis de Corrida,3,97.98,293.94
1366,2025-12-31,Moda,Jaqueta,5,127.64,638.2
